127.0	100.0	70.0
148.0	129.0	97.0
22.0	43.0	72.0
158.0	115.0	81.0
44.0	101.0	130.0
67.0	75.0	62.0
18.0	22.0	33.0
221.0	239.0	140.0
22.0	53.0	84.0
0.0	0.0	0.0
164.0	120.0	85.0
14.0	14.0	12.0
165.0	112.0	81.0
9.0	11.0	8.0
16.0	23.0	16.0
103.0	74.0	58.0
25.0	65.0	90.0
143.0	156.0	136.0
19.0	25.0	39.0
168.0	142.0	109.0
12.0	21.0	16.0
21.0	43.0	67.0
14.0	16.0	13.0
26.0	72.0	106.0
22.0	27.0	23.0
46.0	92.0	115.0
26.0	51.0	81.0
10.0	12.0	9.0
40.0	89.0	119.0
11.0	13.0	10.0
118.0	130.0	110.0
22.0	42.0	53.0
13.0	13.0	11.0
58.0	65.0	57.0
17.0	26.0	41.0
90.0	101.0	87.0
178.0	131.0	89.0
28.0	71.0	106.0
109.0	55.0	43.0
15.0	17.0	16.0
28.0	55.0	85.0
142.0	118.0	84.0
22.0	47.0	77.0
65.0	30.0	24.0
122.0	133.0	116.0
84.0	55.0	47.0
28.0	32.0	33.0
75.0	36.0	29.0
25.0	48.0	66.0
110.0	52.0	41.0
30.0	58.0	79.0
29.0	73.0	110.0
28.0	59.0	90.0
14.0	16.0	15.0
104.0	51.0	37.0
26.0	56.0	90.0
25.0	56.0	84.0
110.0	58.0	47.0
14.0	16.0	15.0
18.0	29.0	47.0
25.0	55.0	79.0
22.0	46.0	72.0
28.0	66.0	102.0
38.0	114.0	138.0
11.0	13.0	12.0
25.0	66.0	98.0
58.0	27.0	25.0
59.0	30.0	22.0
180.0	142.0	103.0
142.0	95.0	69.0
185.0	143.0	103.0
25.0	59.0	86.0
85.0	32.0	26.0
21.0	27.0	49.0
83.0	39.0	28.0
91.0	45.0	32.0
21.0	23.0	38.0
33.0	69.0	105.0
166.0	141.0	101.0
25.0	75.0	110.0
19.0	48.0	78.0
91.0	103.0	91.0
23.0	36.0	53.0
133.0	82.0	63.0
22.0	39.0	59.0
117.0	128.0	111.0
29.0	77.0	113.0
20.0	32.0	48.0
29.0	78.0	108.0
11.0	13.0	12.0
19.0	38.0	44.0
9.0	11.0	8.0
30.0	97.0	126.0
122.0	100.0	79.0
89.0	104.0	97.0
24.0	62.0	98.0
30.0	59.0	89.0
153.0	102.0	73.0
10.0	12.0	9.0
17.0	21.0	22.0
22.0	58.0	92.0
63.0	34.0	26.0
21.0	32.0	52.0
13.0	22.0	29.0
32.0	63.0	92.0
13.0	38.0	60.0
75.0	30.0	24.0
11.0	13.0	12.0
112.0	59.0	45.0
0.0	0.0	0.0
10.0	12.0	11.0
28.0	63.0	95.0
28.0	64.0	96.0
13.0	15.0	12.0
53.0	139.0	172.0
12.0	14.0	11.0
32.0	69.0	96.0
141.0	83.0	59.0
8.0	19.0	13.0
38.0	69.0	98.0
91.0	49.0	37.0
10.0	12.0	11.0
30.0	73.0	105.0
64.0	149.0	156.0
113.0	55.0	43.0
26.0	63.0	92.0
32.0	78.0	111.0
106.0	134.0	119.0
21.0	42.0	69.0
24.0	48.0	76.0
78.0	41.0	32.0
160.0	145.0	104.0
22.0	47.0	78.0
35.0	93.0	130.0
32.0	68.0	102.0
27.0	61.0	89.0
182.0	163.0	121.0
91.0	38.0	32.0
26.0	76.0	109.0
158.0	127.0	99.0
14.0	14.0	12.0
189.0	206.0	174.0
43.0	48.0	42.0
14.0	14.0	12.0
26.0	61.0	93.0
8.0	10.0	7.0
21.0	52.0	80.0
75.0	37.0	28.0
145.0	98.0	72.0
129.0	87.0	73.0
23.0	59.0	83.0
172.0	140.0	93.0
25.0	68.0	103.0
10.0	10.0	8.0
13.0	14.0	16.0
133.0	96.0	69.0
166.0	184.0	162.0
31.0	74.0	108.0
10.0	12.0	11.0
26.0	53.0	72.0
35.0	95.0	132.0
23.0	29.0	51.0
227.0	189.0	140.0
29.0	104.0	125.0
12.0	14.0	11.0
67.0	30.0	21.0
23.0	49.0	74.0
188.0	153.0	115.0
11.0	13.0	10.0
26.0	50.0	76.0
12.0	14.0	11.0
9.0	11.0	10.0
14.0	16.0	15.0
48.0	89.0	91.0
43.0	92.0	107.0
10.0	12.0	9.0
82.0	31.0	27.0
23.0	62.0	95.0
34.0	73.0	104.0
24.0	51.0	70.0
111.0	54.0	43.0
170.0	149.0	106.0
24.0	30.0	52.0
33.0	107.0	134.0
15.0	15.0	15.0
9.0	11.0	8.0
10.0	12.0	11.0
169.0	138.0	109.0
56.0	33.0	27.0
61.0	27.0	26.0
98.0	46.0	35.0
94.0	42.0	29.0
13.0	15.0	12.0
91.0	43.0	31.0
25.0	25.0	23.0
21.0	23.0	20.0
189.0	156.0	113.0
13.0	15.0	14.0
35.0	40.0	36.0
67.0	34.0	25.0
54.0	80.0	71.0
113.0	126.0	109.0
32.0	76.0	111.0
11.0	13.0	12.0
11.0	13.0	10.0
10.0	12.0	11.0
12.0	14.0	11.0
11.0	13.0	12.0
12.0	14.0	13.0
115.0	63.0	52.0
19.0	27.0	50.0
12.0	14.0	11.0
27.0	62.0	92.0
42.0	111.0	144.0
18.0	25.0	33.0
25.0	55.0	81.0
107.0	129.0	116.0
12.0	13.0	15.0
30.0	73.0	108.0
159.0	109.0	72.0
16.0	16.0	14.0
13.0	15.0	14.0
21.0	42.0	63.0
87.0	55.0	42.0
71.0	34.0	25.0
20.0	43.0	57.0
13.0	15.0	12.0
9.0	11.0	8.0
12.0	14.0	13.0
20.0	40.0	39.0
28.0	64.0	98.0
67.0	34.0	27.0
27.0	60.0	95.0
28.0	76.0	112.0
161.0	135.0	98.0
15.0	17.0	14.0
13.0	15.0	14.0
142.0	119.0	88.0
31.0	68.0	97.0
22.0	32.0	44.0
177.0	150.0	120.0
10.0	12.0	11.0
21.0	43.0	41.0
113.0	57.0	42.0
166.0	137.0	97.0
10.0	12.0	11.0
14.0	15.0	10.0
76.0	39.0	31.0
98.0	62.0	46.0
20.0	29.0	44.0
82.0	42.0	32.0
10.0	12.0	9.0
108.0	67.0	47.0
31.0	74.0	109.0
11.0	13.0	10.0
78.0	41.0	32.0
19.0	25.0	41.0
32.0	70.0	106.0
27.0	65.0	101.0
69.0	34.0	28.0
78.0	38.0	26.0
25.0	63.0	99.0
24.0	54.0	78.0
47.0	95.0	115.0
12.0	14.0	11.0
24.0	40.0	63.0
87.0	37.0	30.0
23.0	44.0	71.0
28.0	80.0	156.0
9.0	11.0	10.0
154.0	114.0	78.0
48.0	116.0	125.0
24.0	68.0	97.0
11.0	13.0	10.0
143.0	127.0	93.0
15.0	31.0	30.0
10.0	14.0	15.0
12.0	12.0	10.0
21.0	52.0	73.0
33.0	100.0	129.0
107.0	119.0	105.0
23.0	53.0	81.0
25.0	69.0	98.0
26.0	54.0	76.0
120.0	76.0	49.0
5.0	5.0	5.0
35.0	99.0	134.0
11.0	13.0	10.0
30.0	77.0	105.0
11.0	13.0	12.0
46.0	108.0	123.0
16.0	16.0	14.0
37.0	73.0	105.0
12.0	14.0	13.0
28.0	67.0	96.0
37.0	101.0	139.0
141.0	95.0	79.0
169.0	141.0	102.0
34.0	95.0	123.0
11.0	13.0	12.0
25.0	27.0	24.0
10.0	12.0	11.0
1.0	3.0	2.0
20.0	44.0	72.0
15.0	17.0	14.0
166.0	131.0	99.0
21.0	25.0	24.0
74.0	36.0	23.0
78.0	88.0	77.0
130.0	92.0	69.0
88.0	35.0	29.0
26.0	61.0	99.0
104.0	58.0	43.0
28.0	72.0	107.0
20.0	38.0	58.0
95.0	38.0	29.0
83.0	38.0	32.0
71.0	33.0	30.0
96.0	42.0	30.0
239.0	244.0	222.0
194.0	172.0	135.0
22.0	49.0	60.0
21.0	28.0	47.0
133.0	102.0	74.0
10.0	12.0	11.0
34.0	94.0	118.0
20.0	33.0	50.0
24.0	65.0	97.0
32.0	77.0	108.0
28.0	75.0	105.0
18.0	17.0	25.0
174.0	170.0	143.0
33.0	38.0	42.0
13.0	15.0	12.0
10.0	12.0	11.0
14.0	14.0	12.0
47.0	51.0	50.0
90.0	42.0	30.0
35.0	40.0	36.0
87.0	98.0	84.0
23.0	62.0	95.0
25.0	58.0	89.0
98.0	52.0	39.0
19.0	23.0	32.0
75.0	37.0	28.0
22.0	29.0	22.0
127.0	69.0	47.0
12.0	14.0	11.0
177.0	160.0	132.0
14.0	16.0	13.0
26.0	59.0	90.0
12.0	12.0	10.0
12.0	17.0	13.0
93.0	46.0	36.0
81.0	45.0	33.0
25.0	55.0	81.0
167.0	129.0	84.0
213.0	180.0	126.0
20.0	41.0	60.0
122.0	65.0	48.0
15.0	17.0	16.0
22.0	27.0	46.0
23.0	39.0	62.0
10.0	12.0	9.0
12.0	14.0	11.0
18.0	25.0	35.0
13.0	15.0	12.0
192.0	180.0	140.0
63.0	26.0	20.0
26.0	51.0	81.0
12.0	14.0	11.0
30.0	66.0	100.0
168.0	134.0	88.0
27.0	41.0	70.0
44.0	118.0	155.0
25.0	52.0	81.0
143.0	97.0	73.0
14.0	16.0	15.0
136.0	151.0	148.0
59.0	59.0	51.0
158.0	131.0	101.0
107.0	60.0	44.0
33.0	63.0	97.0
37.0	103.0	137.0
32.0	75.0	107.0
167.0	161.0	127.0
24.0	37.0	56.0
23.0	45.0	69.0
17.0	16.0	24.0
28.0	61.0	92.0
24.0	34.0	59.0
27.0	67.0	103.0
25.0	36.0	64.0
146.0	96.0	71.0
17.0	39.0	37.0
18.0	22.0	21.0
28.0	74.0	110.0
51.0	57.0	55.0
105.0	51.0	39.0
20.0	32.0	44.0
18.0	35.0	51.0
34.0	56.0	80.0
49.0	54.0	47.0
19.0	25.0	39.0
27.0	45.0	67.0
35.0	85.0	108.0
162.0	170.0	119.0
31.0	79.0	99.0
28.0	62.0	87.0
21.0	50.0	82.0
16.0	18.0	17.0
25.0	52.0	81.0
13.0	13.0	11.0
13.0	13.0	11.0
14.0	16.0	15.0
22.0	24.0	21.0
164.0	121.0	70.0
11.0	13.0	12.0
80.0	37.0	28.0
9.0	11.0	8.0
162.0	119.0	74.0
19.0	43.0	67.0
11.0	11.0	9.0
12.0	14.0	11.0
28.0	67.0	100.0
13.0	17.0	18.0
50.0	123.0	140.0
10.0	12.0	11.0
86.0	48.0	39.0
85.0	46.0	29.0
13.0	15.0	12.0
147.0	108.0	77.0
73.0	30.0	24.0
14.0	16.0	15.0
67.0	32.0	26.0
34.0	109.0	140.0
22.0	33.0	63.0
179.0	150.0	106.0
21.0	23.0	20.0
17.0	16.0	12.0
85.0	48.0	39.0
55.0	113.0	135.0
101.0	47.0	37.0
29.0	65.0	99.0
12.0	14.0	13.0
187.0	159.0	96.0
27.0	61.0	98.0
37.0	98.0	129.0
32.0	97.0	119.0
36.0	117.0	147.0
78.0	35.0	29.0
58.0	66.0	53.0
75.0	35.0	27.0
13.0	13.0	11.0
10.0	12.0	9.0
18.0	18.0	16.0
11.0	13.0	10.0
221.0	241.0	146.0
188.0	211.0	185.0
13.0	13.0	11.0
11.0	13.0	10.0
115.0	84.0	55.0
28.0	72.0	99.0
185.0	147.0	100.0
10.0	12.0	9.0
11.0	13.0	10.0
207.0	172.0	114.0
108.0	51.0	40.0
26.0	65.0	94.0
11.0	11.0	11.0
26.0	61.0	91.0
24.0	47.0	65.0
65.0	126.0	131.0
47.0	114.0	133.0
14.0	15.0	17.0
64.0	81.0	75.0
23.0	67.0	102.0
167.0	119.0	96.0
144.0	118.0	91.0
9.0	11.0	8.0
54.0	117.0	124.0
24.0	58.0	86.0
69.0	32.0	26.0
31.0	36.0	30.0
65.0	35.0	25.0
56.0	28.0	24.0
30.0	65.0	95.0
38.0	97.0	113.0
11.0	13.0	12.0
151.0	113.0	90.0
19.0	19.0	17.0
19.0	34.0	53.0
15.0	14.0	9.0
24.0	66.0	91.0
13.0	15.0	14.0
25.0	56.0	87.0
80.0	33.0	23.0
162.0	126.0	100.0
9.0	11.0	8.0
152.0	124.0	84.0
24.0	60.0	92.0
13.0	15.0	12.0
24.0	51.0	70.0
68.0	33.0	27.0
30.0	65.0	97.0
10.0	12.0	11.0
61.0	27.0	25.0
25.0	55.0	79.0
47.0	24.0	16.0
29.0	61.0	84.0
30.0	78.0	116.0
23.0	25.0	22.0
79.0	49.0	25.0
9.0	13.0	12.0
27.0	66.0	97.0
20.0	26.0	40.0
13.0	14.0	18.0
13.0	15.0	14.0
18.0	19.0	37.0
8.0	10.0	7.0
16.0	18.0	17.0
26.0	37.0	55.0
158.0	130.0	93.0
11.0	13.0	12.0
13.0	15.0	12.0
20.0	29.0	44.0
10.0	12.0	9.0
116.0	69.0	53.0
29.0	31.0	18.0
176.0	131.0	102.0
14.0	16.0	13.0
13.0	13.0	11.0
26.0	53.0	80.0
30.0	63.0	98.0
10.0	12.0	9.0
24.0	57.0	88.0
9.0	11.0	8.0
23.0	30.0	46.0
11.0	13.0	12.0
164.0	113.0	86.0
94.0	34.0	26.0
118.0	130.0	108.0
171.0	132.0	115.0
24.0	54.0	78.0
20.0	25.0	44.0
74.0	77.0	66.0
17.0	26.0	41.0
14.0	16.0	15.0
24.0	44.0	69.0
16.0	17.0	12.0
66.0	36.0	28.0
58.0	29.0	25.0
15.0	17.0	16.0
10.0	12.0	9.0
39.0	91.0	113.0
88.0	54.0	45.0
25.0	43.0	67.0
74.0	31.0	24.0
37.0	82.0	115.0
71.0	43.0	32.0
19.0	22.0	31.0
116.0	57.0	39.0
216.0	233.0	165.0
24.0	38.0	67.0
112.0	65.0	55.0
25.0	57.0	82.0
21.0	52.0	80.0
12.0	14.0	13.0
143.0	85.0	73.0
20.0	58.0	77.0
20.0	32.0	46.0
96.0	41.0	34.0
12.0	16.0	15.0
50.0	109.0	127.0
38.0	96.0	133.0
75.0	32.0	26.0
20.0	35.0	56.0
23.0	43.0	67.0
8.0	10.0	7.0
19.0	23.0	34.0
20.0	23.0	42.0
11.0	15.0	16.0
20.0	33.0	52.0
178.0	164.0	127.0
78.0	35.0	29.0
30.0	31.0	26.0
25.0	27.0	24.0
161.0	120.0	92.0
13.0	15.0	12.0
13.0	15.0	14.0
19.0	26.0	44.0
11.0	13.0	10.0
51.0	114.0	145.0
22.0	38.0	61.0
33.0	78.0	109.0
10.0	12.0	9.0
28.0	64.0	86.0
92.0	42.0	33.0
111.0	57.0	45.0
27.0	71.0	106.0
22.0	39.0	65.0
225.0	188.0	135.0
19.0	19.0	31.0
12.0	14.0	13.0
240.0	240.0	240.0
82.0	39.0	32.0
30.0	78.0	114.0
22.0	38.0	54.0
133.0	113.0	80.0
28.0	66.0	102.0
18.0	34.0	50.0
27.0	44.0	70.0
9.0	11.0	10.0
92.0	43.0	38.0
20.0	23.0	32.0
13.0	15.0	12.0
13.0	15.0	12.0
18.0	23.0	19.0
144.0	124.0	99.0
22.0	37.0	60.0
85.0	32.0	26.0
28.0	63.0	95.0
79.0	62.0	46.0
10.0	12.0	11.0
14.0	14.0	12.0
83.0	43.0	33.0
28.0	42.0	55.0
30.0	70.0	72.0
23.0	40.0	60.0
23.0	57.0	84.0
24.0	65.0	97.0
25.0	45.0	69.0
25.0	36.0	64.0
22.0	46.0	72.0
8.0	14.0	12.0
15.0	15.0	13.0
24.0	59.0	89.0
18.0	19.0	11.0
23.0	31.0	52.0
166.0	126.0	90.0
68.0	31.0	23.0
119.0	132.0	112.0
239.0	241.0	238.0
34.0	79.0	112.0
16.0	23.0	33.0
19.0	53.0	65.0
8.0	10.0	7.0
14.0	16.0	13.0
10.0	12.0	11.0
17.0	23.0	35.0
96.0	108.0	96.0
12.0	14.0	13.0
227.0	187.0	135.0
217.0	169.0	121.0
26.0	57.0	86.0
101.0	47.0	35.0
14.0	14.0	12.0
168.0	127.0	99.0
115.0	128.0	108.0
146.0	133.0	101.0
23.0	28.0	31.0
25.0	34.0	31.0
86.0	37.0	32.0
96.0	107.0	91.0
42.0	122.0	147.0
33.0	98.0	126.0
136.0	104.0	83.0
58.0	65.0	57.0
22.0	22.0	32.0
64.0	85.0	88.0
44.0	120.0	152.0
88.0	44.0	33.0
17.0	30.0	47.0
49.0	88.0	85.0
39.0	113.0	150.0
19.0	22.0	37.0
24.0	31.0	39.0
13.0	13.0	13.0
37.0	90.0	121.0
40.0	91.0	122.0
108.0	60.0	38.0
46.0	102.0	125.0
119.0	131.0	111.0
80.0	38.0	26.0
92.0	48.0	35.0
24.0	50.0	77.0
98.0	47.0	28.0
24.0	51.0	80.0
141.0	99.0	75.0
27.0	72.0	105.0
116.0	127.0	110.0
67.0	92.0	96.0
88.0	38.0	31.0
29.0	70.0	100.0
107.0	47.0	37.0
29.0	75.0	111.0
70.0	76.0	64.0
13.0	13.0	11.0
28.0	50.0	74.0
15.0	17.0	14.0
45.0	95.0	104.0
46.0	107.0	126.0
121.0	133.0	113.0
15.0	15.0	13.0
12.0	14.0	11.0
26.0	65.0	98.0
166.0	146.0	113.0
27.0	63.0	95.0
28.0	30.0	27.0
95.0	38.0	29.0
76.0	33.0	27.0
39.0	103.0	141.0
28.0	63.0	95.0
25.0	31.0	55.0
135.0	63.0	49.0
27.0	56.0	88.0
9.0	11.0	10.0
36.0	79.0	111.0
31.0	53.0	74.0
177.0	160.0	114.0
11.0	13.0	12.0
119.0	72.0	56.0
13.0	13.0	11.0
25.0	55.0	81.0
133.0	83.0	60.0
24.0	51.0	81.0
38.0	42.0	41.0
13.0	15.0	12.0
28.0	72.0	107.0
21.0	52.0	81.0
11.0	13.0	12.0
11.0	13.0	12.0
17.0	19.0	16.0
175.0	145.0	111.0
27.0	55.0	76.0
111.0	118.0	102.0
25.0	42.0	70.0
16.0	23.0	29.0
47.0	133.0	168.0
12.0	14.0	11.0
11.0	13.0	8.0
14.0	16.0	13.0
143.0	100.0	66.0
13.0	13.0	11.0
20.0	36.0	61.0
111.0	59.0	38.0
48.0	54.0	54.0
89.0	39.0	30.0
105.0	68.0	49.0
26.0	66.0	101.0
15.0	15.0	13.0
18.0	24.0	40.0
58.0	65.0	58.0
26.0	53.0	82.0
24.0	38.0	39.0
12.0	14.0	13.0
16.0	18.0	15.0
25.0	27.0	24.0
38.0	96.0	133.0
23.0	41.0	61.0
119.0	131.0	111.0
84.0	39.0	33.0
30.0	78.0	114.0
153.0	118.0	86.0
73.0	186.0	204.0
36.0	76.0	102.0
20.0	20.0	32.0
19.0	26.0	44.0
42.0	99.0	118.0
12.0	14.0	11.0
58.0	58.0	50.0
11.0	13.0	10.0
22.0	37.0	60.0
79.0	39.0	29.0
19.0	30.0	50.0
42.0	75.0	84.0
14.0	14.0	12.0
185.0	154.0	99.0
9.0	11.0	10.0
106.0	75.0	47.0
156.0	129.0	99.0
22.0	40.0	64.0
21.0	35.0	61.0
93.0	60.0	45.0
13.0	22.0	39.0
41.0	49.0	38.0
106.0	117.0	101.0
20.0	33.0	52.0
26.0	65.0	96.0
23.0	54.0	83.0
13.0	15.0	12.0
18.0	42.0	68.0
14.0	16.0	13.0
14.0	16.0	15.0
21.0	36.0	65.0
13.0	13.0	11.0
101.0	53.0	41.0
27.0	55.0	79.0
58.0	25.0	20.0
196.0	157.0	116.0
12.0	14.0	13.0
30.0	66.0	100.0
27.0	62.0	90.0
103.0	117.0	104.0
86.0	44.0	32.0
70.0	30.0	22.0
112.0	127.0	106.0
14.0	16.0	13.0
12.0	14.0	11.0
144.0	120.0	86.0
11.0	13.0	12.0
24.0	45.0	66.0
13.0	15.0	12.0
28.0	63.0	91.0
40.0	112.0	137.0
23.0	58.0	90.0
18.0	21.0	36.0
28.0	29.0	24.0
28.0	65.0	94.0
103.0	49.0	39.0
23.0	63.0	99.0
24.0	54.0	78.0
45.0	67.0	80.0
73.0	33.0	25.0
152.0	110.0	86.0
157.0	123.0	86.0
32.0	86.0	124.0
26.0	47.0	76.0
28.0	28.0	26.0
25.0	55.0	83.0
190.0	141.0	100.0
113.0	72.0	52.0
46.0	51.0	57.0
13.0	15.0	12.0
28.0	55.0	82.0
124.0	83.0	63.0
148.0	94.0	68.0
47.0	123.0	146.0
32.0	73.0	103.0
11.0	13.0	12.0
83.0	38.0	32.0
23.0	38.0	57.0
21.0	27.0	23.0
128.0	101.0	72.0
171.0	157.0	120.0
29.0	45.0	68.0
11.0	13.0	10.0
14.0	16.0	13.0
15.0	24.0	41.0
20.0	34.0	60.0
12.0	12.0	10.0
67.0	77.0	68.0
154.0	130.0	104.0
117.0	72.0	53.0
28.0	54.0	81.0
19.0	20.0	15.0
13.0	15.0	10.0
12.0	14.0	11.0
25.0	39.0	65.0
38.0	80.0	104.0
11.0	13.0	12.0
24.0	56.0	81.0
19.0	35.0	61.0
5.0	5.0	5.0
9.0	11.0	10.0
21.0	34.0	50.0
118.0	95.0	61.0
79.0	45.0	36.0
13.0	15.0	14.0
23.0	49.0	76.0
27.0	68.0	98.0
29.0	59.0	85.0
201.0	167.0	119.0
30.0	58.0	80.0
16.0	34.0	54.0
84.0	47.0	38.0
23.0	53.0	77.0
110.0	75.0	55.0
0.0	0.0	0.0
35.0	73.0	96.0
160.0	153.0	127.0
23.0	38.0	61.0
87.0	53.0	41.0
34.0	94.0	130.0
47.0	49.0	48.0
13.0	15.0	14.0
154.0	126.0	89.0
24.0	45.0	72.0
26.0	38.0	64.0
13.0	13.0	11.0
47.0	95.0	118.0
12.0	14.0	11.0
150.0	120.0	96.0
22.0	52.0	80.0
6.0	6.0	6.0
72.0	27.0	24.0
13.0	13.0	11.0
28.0	71.0	103.0
117.0	129.0	109.0
23.0	25.0	22.0
38.0	112.0	147.0
25.0	43.0	67.0
95.0	47.0	37.0
22.0	50.0	71.0
67.0	37.0	26.0
38.0	84.0	107.0
118.0	131.0	113.0
24.0	58.0	93.0
95.0	124.0	104.0
67.0	32.0	26.0
133.0	92.0	74.0
23.0	46.0	77.0
69.0	36.0	27.0
9.0	11.0	10.0
45.0	111.0	143.0
84.0	34.0	25.0
10.0	12.0	11.0
12.0	14.0	11.0
28.0	30.0	29.0
35.0	69.0	96.0
28.0	64.0	90.0
76.0	42.0	33.0
26.0	68.0	93.0
27.0	61.0	86.0
104.0	47.0	36.0
27.0	64.0	91.0
14.0	16.0	15.0
18.0	18.0	30.0
123.0	78.0	59.0
138.0	127.0	97.0
21.0	36.0	59.0
104.0	59.0	53.0
66.0	31.0	25.0
13.0	15.0	14.0
20.0	27.0	45.0
148.0	99.0	69.0
76.0	33.0	26.0
27.0	63.0	97.0
18.0	24.0	40.0
149.0	123.0	86.0
163.0	99.0	71.0
10.0	12.0	11.0
10.0	12.0	9.0
22.0	43.0	60.0
31.0	64.0	95.0
13.0	13.0	15.0
27.0	30.0	11.0
18.0	25.0	33.0
20.0	53.0	84.0
21.0	23.0	20.0
57.0	26.0	21.0
32.0	72.0	107.0
11.0	13.0	12.0
24.0	48.0	72.0
24.0	46.0	70.0
24.0	50.0	73.0
27.0	61.0	88.0
23.0	47.0	73.0
15.0	17.0	16.0
15.0	24.0	29.0
10.0	12.0	11.0
0.0	0.0	0.0
28.0	65.0	92.0
53.0	32.0	27.0
13.0	15.0	14.0
229.0	239.0	140.0
127.0	79.0	56.0
21.0	42.0	69.0
112.0	127.0	106.0
47.0	97.0	122.0
11.0	12.0	14.0
95.0	47.0	33.0
20.0	29.0	44.0
77.0	33.0	24.0
118.0	131.0	111.0
102.0	65.0	57.0
30.0	71.0	101.0
12.0	14.0	11.0
36.0	106.0	132.0
58.0	99.0	119.0
20.0	51.0	82.0
22.0	27.0	23.0
22.0	33.0	55.0
11.0	13.0	10.0
28.0	65.0	91.0
141.0	100.0	70.0
50.0	73.0	79.0
21.0	36.0	59.0
35.0	78.0	113.0
163.0	129.0	92.0
14.0	16.0	15.0
130.0	92.0	69.0
12.0	14.0	13.0
144.0	99.0	78.0
23.0	41.0	63.0
19.0	22.0	41.0
10.0	12.0	11.0
30.0	64.0	99.0
29.0	55.0	82.0
30.0	77.0	107.0
17.0	26.0	43.0
196.0	162.0	116.0
16.0	17.0	12.0
17.0	21.0	33.0
19.0	21.0	20.0
73.0	34.0	27.0
113.0	130.0	112.0
13.0	13.0	11.0
83.0	46.0	27.0
22.0	34.0	58.0
9.0	11.0	8.0
17.0	19.0	32.0
19.0	23.0	34.0
22.0	23.0	18.0
19.0	23.0	35.0
23.0	41.0	61.0
32.0	68.0	92.0
12.0	14.0	11.0
23.0	51.0	75.0
25.0	56.0	76.0
14.0	14.0	12.0
87.0	43.0	34.0
118.0	129.0	113.0
93.0	39.0	29.0
139.0	123.0	90.0
31.0	72.0	104.0
101.0	62.0	47.0
0.0	0.0	0.0
141.0	96.0	77.0
14.0	18.0	19.0
29.0	49.0	76.0
92.0	56.0	40.0
163.0	118.0	95.0
24.0	69.0	98.0
27.0	62.0	94.0
36.0	17.0	10.0
21.0	21.0	19.0
23.0	45.0	66.0
11.0	13.0	10.0
15.0	17.0	14.0
107.0	116.0	111.0
110.0	73.0	54.0
21.0	28.0	46.0
20.0	22.0	35.0
112.0	50.0	39.0
10.0	12.0	11.0
12.0	14.0	11.0
9.0	11.0	8.0
10.0	12.0	11.0
41.0	114.0	146.0
5.0	5.0	5.0
55.0	103.0	123.0
24.0	41.0	67.0
28.0	67.0	96.0
25.0	46.0	73.0
11.0	11.0	11.0
10.0	12.0	11.0
14.0	16.0	15.0
10.0	12.0	11.0
29.0	73.0	108.0
96.0	49.0	41.0
12.0	14.0	13.0
231.0	241.0	144.0
112.0	129.0	113.0
18.0	19.0	14.0
14.0	19.0	13.0
12.0	14.0	11.0
101.0	65.0	51.0
46.0	84.0	97.0
217.0	175.0	127.0
169.0	119.0	92.0
27.0	40.0	57.0
11.0	13.0	12.0
21.0	27.0	41.0
24.0	44.0	69.0
207.0	177.0	127.0
52.0	58.0	46.0
61.0	32.0	26.0
17.0	19.0	31.0
61.0	132.0	154.0
48.0	101.0	117.0
22.0	58.0	92.0
14.0	14.0	12.0
24.0	31.0	57.0
26.0	46.0	70.0
14.0	14.0	12.0
33.0	107.0	136.0
4.0	4.0	4.0
10.0	12.0	9.0
28.0	61.0	92.0
21.0	42.0	63.0
81.0	32.0	27.0
24.0	58.0	93.0
33.0	73.0	108.0
123.0	64.0	50.0
158.0	152.0	136.0
165.0	134.0	88.0
21.0	33.0	55.0
147.0	117.0	83.0
35.0	82.0	100.0
18.0	21.0	28.0
79.0	32.0	24.0
27.0	57.0	81.0
9.0	11.0	8.0
18.0	30.0	44.0
26.0	41.0	70.0
0.0	0.0	0.0
25.0	52.0	79.0
9.0	11.0	8.0
19.0	27.0	50.0
10.0	12.0	9.0
27.0	58.0	89.0
25.0	56.0	87.0
182.0	142.0	106.0
90.0	43.0	33.0
10.0	12.0	9.0
28.0	67.0	100.0
72.0	37.0	31.0
12.0	14.0	13.0
176.0	158.0	122.0
21.0	45.0	69.0
30.0	61.0	92.0
23.0	57.0	85.0
19.0	23.0	35.0
87.0	40.0	30.0
226.0	241.0	136.0
0.0	0.0	0.0
30.0	74.0	109.0
144.0	137.0	108.0
56.0	95.0	92.0
13.0	15.0	12.0
19.0	23.0	24.0
56.0	27.0	21.0
12.0	14.0	11.0
21.0	34.0	53.0
23.0	39.0	65.0
23.0	49.0	74.0
9.0	11.0	8.0
72.0	42.0	34.0
14.0	16.0	28.0
28.0	72.0	109.0
26.0	50.0	78.0
23.0	53.0	79.0
10.0	14.0	15.0
91.0	41.0	32.0
51.0	56.0	49.0
43.0	103.0	131.0
59.0	77.0	77.0
18.0	42.0	68.0
48.0	122.0	147.0
18.0	22.0	33.0
173.0	145.0	105.0
15.0	17.0	14.0
107.0	55.0	42.0
28.0	77.0	110.0
93.0	50.0	33.0
11.0	13.0	10.0
29.0	75.0	109.0
13.0	15.0	14.0
32.0	63.0	84.0
10.0	12.0	9.0
11.0	13.0	12.0
96.0	102.0	88.0
134.0	117.0	87.0
118.0	129.0	112.0
26.0	53.0	82.0
10.0	12.0	9.0
85.0	47.0	36.0
27.0	56.0	86.0
11.0	13.0	10.0
172.0	116.0	81.0
78.0	38.0	30.0
8.0	10.0	7.0
12.0	16.0	17.0
24.0	56.0	81.0
189.0	209.0	184.0
133.0	91.0	67.0
10.0	12.0	9.0
22.0	35.0	54.0
13.0	15.0	12.0
10.0	12.0	11.0
199.0	154.0	113.0
23.0	44.0	63.0
10.0	12.0	9.0
11.0	13.0	10.0
17.0	17.0	15.0
41.0	107.0	141.0
86.0	43.0	37.0
45.0	118.0	153.0
234.0	228.0	176.0
11.0	13.0	10.0
179.0	125.0	89.0
10.0	12.0	11.0
60.0	27.0	20.0
168.0	115.0	84.0
161.0	110.0	81.0
22.0	26.0	27.0
21.0	23.0	20.0
90.0	40.0	33.0
122.0	92.0	68.0
14.0	16.0	11.0
25.0	45.0	70.0
78.0	36.0	24.0
23.0	47.0	71.0
26.0	65.0	104.0
14.0	14.0	12.0
23.0	50.0	80.0
21.0	46.0	68.0
15.0	17.0	14.0
22.0	44.0	68.0
28.0	29.0	24.0
152.0	130.0	89.0
27.0	45.0	67.0
26.0	62.0	88.0
100.0	40.0	32.0
110.0	58.0	44.0
41.0	86.0	117.0
25.0	27.0	24.0
12.0	12.0	10.0
108.0	62.0	39.0
18.0	33.0	52.0
19.0	26.0	44.0
26.0	53.0	70.0
13.0	15.0	12.0
30.0	30.0	28.0
73.0	35.0	22.0
239.0	239.0	237.0
29.0	70.0	102.0
85.0	41.0	28.0
22.0	27.0	33.0
12.0	16.0	15.0
26.0	28.0	25.0
49.0	97.0	111.0
59.0	29.0	21.0
8.0	10.0	7.0
29.0	68.0	101.0
124.0	71.0	53.0
9.0	11.0	8.0
12.0	14.0	11.0
21.0	23.0	20.0
19.0	19.0	17.0
22.0	46.0	70.0
33.0	54.0	47.0
10.0	12.0	11.0
13.0	15.0	14.0
17.0	26.0	43.0
130.0	83.0	67.0
22.0	44.0	68.0
110.0	53.0	44.0
44.0	71.0	88.0
9.0	11.0	8.0
201.0	161.0	125.0
38.0	112.0	149.0
25.0	51.0	78.0
25.0	27.0	24.0
14.0	14.0	12.0
12.0	14.0	13.0
28.0	32.0	33.0
12.0	14.0	11.0
218.0	238.0	143.0
101.0	54.0	36.0
26.0	43.0	73.0
18.0	20.0	17.0
193.0	163.0	111.0
39.0	107.0	144.0
65.0	77.0	67.0
227.0	194.0	141.0
224.0	239.0	134.0
109.0	55.0	43.0
22.0	52.0	76.0
27.0	48.0	69.0
13.0	15.0	12.0
134.0	92.0	67.0
86.0	43.0	36.0
11.0	13.0	10.0
24.0	61.0	70.0
22.0	33.0	55.0
67.0	77.0	66.0
22.0	44.0	65.0
29.0	72.0	106.0
87.0	40.0	32.0
0.0	0.0	0.0
149.0	102.0	74.0
23.0	27.0	30.0
76.0	38.0	29.0
12.0	14.0	11.0
13.0	15.0	12.0
10.0	10.0	10.0
14.0	15.0	10.0
12.0	17.0	11.0
31.0	67.0	93.0
144.0	106.0	87.0
97.0	50.0	40.0
14.0	16.0	13.0
28.0	63.0	95.0
29.0	78.0	111.0
24.0	55.0	73.0
99.0	105.0	101.0
20.0	25.0	44.0
19.0	22.0	37.0
173.0	127.0	94.0
13.0	13.0	11.0
12.0	14.0	13.0
20.0	29.0	46.0
9.0	14.0	17.0
9.0	11.0	8.0
26.0	72.0	105.0
63.0	107.0	116.0
101.0	51.0	40.0
14.0	14.0	12.0
107.0	58.0	44.0
26.0	67.0	97.0
33.0	69.0	105.0
21.0	55.0	80.0
12.0	14.0	11.0
24.0	54.0	80.0
18.0	21.0	28.0
28.0	68.0	94.0
27.0	57.0	81.0
16.0	27.0	45.0
157.0	131.0	94.0
191.0	157.0	112.0
94.0	60.0	48.0
150.0	118.0	93.0
26.0	34.0	57.0
11.0	13.0	10.0
28.0	72.0	101.0
114.0	69.0	46.0
21.0	43.0	64.0
40.0	87.0	105.0
28.0	75.0	105.0
35.0	93.0	130.0
24.0	52.0	74.0
135.0	82.0	66.0
42.0	51.0	46.0
45.0	129.0	163.0
89.0	52.0	43.0
89.0	39.0	32.0
91.0	42.0	28.0
11.0	13.0	10.0
225.0	188.0	136.0
110.0	82.0	58.0
10.0	12.0	11.0
153.0	136.0	106.0
42.0	115.0	150.0
9.0	9.0	7.0
174.0	149.0	109.0
28.0	29.0	23.0
17.0	18.0	23.0
190.0	138.0	99.0
27.0	46.0	76.0
13.0	15.0	12.0
10.0	12.0	9.0
28.0	59.0	87.0
22.0	57.0	89.0
11.0	13.0	12.0
24.0	43.0	60.0
13.0	15.0	12.0
166.0	138.0	101.0
13.0	15.0	14.0
37.0	82.0	111.0
8.0	10.0	7.0
15.0	17.0	16.0
13.0	15.0	12.0
25.0	69.0	106.0
28.0	55.0	74.0
28.0	71.0	105.0
22.0	51.0	81.0
10.0	12.0	11.0
178.0	126.0	87.0
12.0	14.0	11.0
9.0	11.0	8.0
76.0	36.0	24.0
14.0	14.0	12.0
13.0	15.0	12.0
9.0	11.0	8.0
23.0	45.0	68.0
118.0	54.0	42.0
79.0	89.0	80.0
21.0	42.0	73.0
15.0	15.0	13.0
20.0	24.0	33.0
10.0	12.0	11.0
13.0	15.0	14.0
22.0	39.0	59.0
10.0	12.0	9.0
39.0	105.0	121.0
168.0	148.0	98.0
205.0	171.0	125.0
31.0	63.0	88.0
12.0	15.0	8.0
12.0	14.0	11.0
37.0	94.0	121.0
8.0	10.0	7.0
13.0	15.0	14.0
27.0	53.0	76.0
24.0	57.0	90.0
33.0	66.0	97.0
162.0	127.0	95.0
232.0	217.0	158.0
152.0	116.0	84.0
108.0	67.0	49.0
31.0	79.0	117.0
70.0	35.0	29.0
178.0	158.0	131.0
98.0	58.0	46.0
83.0	60.0	46.0
12.0	16.0	15.0
110.0	57.0	43.0
10.0	12.0	9.0
16.0	25.0	40.0
21.0	41.0	66.0
21.0	24.0	43.0
13.0	15.0	12.0
12.0	14.0	13.0
17.0	21.0	20.0
23.0	47.0	71.0
16.0	18.0	15.0
33.0	52.0	46.0
27.0	58.0	89.0
39.0	101.0	138.0
217.0	184.0	133.0
16.0	18.0	17.0
104.0	57.0	47.0
23.0	23.0	21.0
37.0	97.0	121.0
119.0	130.0	113.0
21.0	60.0	91.0
28.0	38.0	47.0
179.0	151.0	111.0
34.0	77.0	109.0
15.0	17.0	14.0
23.0	45.0	66.0
11.0	13.0	10.0
31.0	68.0	95.0
9.0	11.0	10.0
185.0	142.0	107.0
10.0	12.0	9.0
71.0	93.0	80.0
154.0	125.0	93.0
11.0	13.0	10.0
128.0	75.0	57.0
88.0	40.0	36.0
12.0	14.0	11.0
10.0	12.0	11.0
64.0	34.0	26.0
70.0	76.0	62.0
83.0	43.0	35.0
5.0	5.0	5.0
17.0	18.0	23.0
17.0	19.0	18.0
94.0	39.0	34.0
15.0	17.0	16.0
11.0	13.0	12.0
31.0	65.0	93.0
15.0	17.0	14.0
17.0	27.0	39.0
27.0	88.0	93.0
36.0	77.0	107.0
191.0	170.0	105.0
20.0	22.0	19.0
23.0	45.0	66.0
17.0	22.0	26.0
69.0	36.0	29.0
99.0	46.0	38.0
15.0	17.0	16.0
11.0	13.0	12.0
18.0	22.0	34.0
31.0	80.0	113.0
9.0	11.0	8.0
26.0	36.0	38.0
22.0	29.0	57.0
12.0	14.0	11.0
144.0	104.0	79.0
20.0	22.0	34.0
29.0	85.0	120.0
135.0	110.0	80.0
17.0	25.0	27.0
186.0	209.0	157.0
15.0	17.0	16.0
117.0	129.0	109.0
97.0	40.0	31.0
29.0	63.0	88.0
10.0	12.0	9.0
110.0	63.0	45.0
22.0	33.0	53.0
62.0	32.0	24.0
177.0	154.0	112.0
25.0	52.0	73.0
19.0	24.0	27.0
25.0	56.0	77.0
107.0	80.0	63.0
182.0	150.0	112.0
22.0	32.0	57.0
28.0	63.0	93.0
20.0	38.0	60.0
28.0	61.0	96.0
101.0	57.0	44.0
33.0	74.0	102.0
24.0	39.0	60.0
76.0	31.0	26.0
10.0	12.0	9.0
17.0	20.0	27.0
95.0	55.0	43.0
25.0	29.0	38.0
38.0	98.0	134.0
162.0	149.0	117.0
19.0	22.0	29.0
15.0	19.0	18.0
94.0	52.0	38.0
27.0	58.0	79.0
27.0	87.0	123.0
21.0	28.0	36.0
117.0	130.0	113.0
24.0	59.0	91.0
15.0	22.0	40.0
13.0	15.0	12.0
19.0	34.0	57.0
17.0	16.0	22.0
42.0	103.0	122.0
18.0	20.0	33.0
12.0	14.0	11.0
11.0	13.0	12.0
103.0	65.0	56.0
11.0	13.0	12.0
33.0	35.0	32.0
162.0	141.0	112.0
0.0	0.0	0.0
59.0	30.0	16.0
11.0	13.0	12.0
16.0	18.0	15.0
22.0	24.0	21.0
9.0	11.0	8.0
12.0	14.0	11.0
26.0	53.0	80.0
24.0	65.0	97.0
60.0	162.0	187.0
121.0	132.0	115.0
128.0	81.0	65.0
25.0	52.0	79.0
0.0	0.0	0.0
13.0	15.0	12.0
25.0	60.0	92.0
113.0	128.0	109.0
11.0	13.0	12.0
9.0	11.0	8.0
22.0	30.0	53.0
10.0	19.0	14.0
19.0	40.0	59.0
26.0	62.0	96.0
89.0	39.0	30.0
23.0	38.0	69.0
18.0	26.0	47.0
174.0	150.0	112.0
170.0	157.0	123.0
13.0	15.0	12.0
16.0	18.0	15.0
138.0	136.0	115.0
14.0	14.0	12.0
20.0	37.0	57.0
14.0	14.0	12.0
26.0	56.0	92.0
153.0	118.0	86.0
30.0	66.0	100.0
14.0	16.0	13.0
10.0	12.0	11.0
106.0	63.0	54.0
28.0	68.0	103.0
16.0	18.0	15.0
147.0	125.0	88.0
68.0	38.0	30.0
16.0	16.0	14.0
32.0	70.0	106.0
16.0	18.0	17.0
13.0	13.0	11.0
13.0	15.0	12.0
12.0	14.0	13.0
35.0	96.0	117.0
9.0	11.0	8.0
54.0	125.0	153.0
170.0	155.0	124.0
22.0	44.0	68.0
90.0	43.0	35.0
15.0	17.0	14.0
21.0	32.0	50.0
24.0	57.0	88.0
36.0	93.0	110.0
34.0	79.0	112.0
24.0	48.0	72.0
123.0	67.0	52.0
25.0	64.0	95.0
153.0	122.0	91.0
27.0	61.0	89.0
21.0	33.0	49.0
25.0	52.0	81.0
145.0	112.0	77.0
26.0	52.0	75.0
32.0	72.0	107.0
22.0	48.0	73.0
61.0	120.0	136.0
27.0	66.0	99.0
66.0	29.0	23.0
27.0	42.0	45.0
24.0	43.0	60.0
30.0	84.0	108.0
164.0	113.0	82.0
141.0	97.0	70.0
173.0	125.0	89.0
18.0	20.0	33.0
12.0	14.0	11.0
12.0	17.0	11.0
10.0	12.0	11.0
40.0	62.0	60.0
10.0	12.0	11.0
19.0	34.0	53.0
12.0	14.0	13.0
25.0	45.0	72.0
10.0	12.0	9.0
42.0	101.0	131.0
14.0	16.0	13.0
34.0	73.0	104.0
39.0	80.0	98.0
101.0	44.0	33.0
12.0	14.0	9.0
24.0	60.0	94.0
29.0	73.0	100.0
224.0	240.0	141.0
169.0	120.0	88.0
35.0	60.0	80.0
143.0	87.0	70.0
91.0	101.0	93.0
130.0	113.0	95.0
15.0	15.0	13.0
19.0	23.0	35.0
78.0	88.0	77.0
22.0	53.0	81.0
116.0	82.0	57.0
10.0	12.0	11.0
27.0	58.0	79.0
16.0	18.0	15.0
27.0	49.0	72.0
220.0	185.0	131.0
119.0	130.0	113.0
10.0	12.0	9.0
24.0	45.0	66.0
11.0	13.0	10.0
13.0	15.0	14.0
12.0	14.0	11.0
21.0	36.0	57.0
148.0	135.0	100.0
23.0	44.0	65.0
20.0	40.0	64.0
14.0	16.0	13.0
13.0	13.0	11.0
9.0	11.0	10.0
48.0	58.0	47.0
224.0	187.0	134.0
26.0	69.0	103.0
85.0	99.0	100.0
20.0	33.0	50.0
24.0	54.0	78.0
16.0	16.0	18.0
5.0	5.0	5.0
86.0	31.0	24.0
14.0	16.0	13.0
54.0	109.0	130.0
26.0	58.0	83.0
13.0	15.0	14.0
24.0	53.0	83.0
47.0	93.0	90.0
32.0	49.0	69.0
34.0	114.0	141.0
17.0	21.0	33.0
18.0	24.0	38.0
154.0	124.0	96.0
186.0	206.0	181.0
100.0	62.0	49.0
124.0	117.0	91.0
29.0	29.0	27.0
60.0	77.0	84.0
65.0	133.0	154.0
148.0	118.0	80.0
119.0	131.0	111.0
27.0	33.0	55.0
11.0	19.0	21.0
151.0	95.0	70.0
26.0	54.0	76.0
29.0	68.0	101.0
23.0	30.0	49.0
121.0	116.0	94.0
12.0	14.0	13.0
148.0	111.0	84.0
12.0	14.0	13.0
20.0	36.0	59.0
14.0	14.0	12.0
49.0	85.0	97.0
28.0	61.0	96.0
25.0	25.0	23.0
127.0	128.0	112.0
19.0	19.0	29.0
10.0	12.0	9.0
14.0	21.0	31.0
38.0	85.0	113.0
16.0	16.0	14.0
201.0	171.0	101.0
149.0	111.0	88.0
9.0	11.0	8.0
82.0	33.0	28.0
24.0	46.0	70.0
23.0	29.0	45.0
35.0	68.0	99.0
48.0	110.0	131.0
55.0	65.0	57.0
78.0	38.0	30.0
25.0	51.0	86.0
20.0	35.0	56.0
12.0	14.0	11.0
17.0	17.0	15.0
71.0	41.0	33.0
26.0	46.0	71.0
13.0	15.0	12.0
182.0	154.0	115.0
10.0	12.0	9.0
13.0	13.0	11.0
26.0	69.0	104.0
63.0	30.0	25.0
21.0	37.0	53.0
87.0	38.0	33.0
10.0	12.0	9.0
58.0	148.0	175.0
117.0	128.0	111.0
64.0	98.0	99.0
83.0	78.0	75.0
20.0	50.0	74.0
87.0	52.0	30.0
12.0	14.0	11.0
0.0	0.0	0.0
101.0	79.0	66.0
24.0	60.0	94.0
116.0	129.0	111.0
36.0	83.0	99.0
15.0	14.0	12.0
45.0	102.0	132.0
153.0	129.0	95.0
80.0	40.0	28.0
13.0	13.0	11.0
161.0	128.0	85.0
179.0	163.0	129.0
26.0	62.0	98.0
13.0	15.0	14.0
14.0	16.0	13.0
129.0	72.0	63.0
63.0	30.0	25.0
54.0	64.0	63.0
26.0	37.0	33.0
29.0	62.0	95.0
28.0	74.0	110.0
81.0	36.0	30.0
210.0	187.0	111.0
179.0	129.0	94.0
122.0	134.0	112.0
32.0	80.0	116.0
9.0	11.0	8.0
42.0	89.0	117.0
41.0	102.0	131.0
10.0	12.0	9.0
27.0	57.0	85.0
20.0	23.0	38.0
147.0	96.0	69.0
18.0	20.0	17.0
13.0	13.0	11.0
56.0	26.0	24.0
95.0	59.0	37.0
12.0	14.0	11.0
10.0	12.0	9.0
24.0	61.0	88.0
31.0	102.0	130.0
25.0	59.0	84.0
9.0	11.0	10.0
13.0	15.0	12.0
23.0	47.0	73.0
11.0	13.0	12.0
188.0	155.0	112.0
191.0	142.0	99.0
27.0	69.0	94.0
9.0	11.0	10.0
12.0	14.0	11.0
18.0	23.0	26.0
17.0	17.0	15.0
12.0	14.0	11.0
22.0	24.0	21.0
179.0	151.0	114.0
23.0	53.0	79.0
23.0	53.0	87.0
74.0	37.0	28.0
134.0	90.0	65.0
153.0	131.0	92.0
168.0	122.0	89.0
27.0	63.0	95.0
26.0	63.0	90.0
180.0	137.0	102.0
43.0	124.0	145.0
14.0	14.0	12.0
12.0	14.0	13.0
98.0	44.0	34.0
213.0	180.0	127.0
31.0	85.0	123.0
32.0	69.0	96.0
30.0	63.0	94.0
166.0	161.0	141.0
13.0	15.0	12.0
14.0	14.0	12.0
79.0	39.0	31.0
80.0	40.0	30.0
10.0	12.0	11.0
12.0	13.0	8.0
186.0	163.0	121.0
10.0	12.0	9.0
103.0	117.0	102.0
80.0	35.0	29.0
42.0	123.0	150.0
13.0	21.0	32.0
12.0	16.0	15.0
160.0	111.0	79.0
27.0	56.0	90.0
11.0	17.0	13.0
75.0	34.0	28.0
10.0	12.0	11.0
130.0	99.0	81.0
27.0	62.0	94.0
23.0	67.0	104.0
28.0	59.0	87.0
33.0	83.0	116.0
16.0	18.0	17.0
22.0	34.0	60.0
141.0	86.0	56.0
25.0	78.0	110.0
31.0	77.0	100.0
12.0	14.0	11.0
24.0	35.0	57.0
100.0	83.0	55.0
15.0	17.0	16.0
19.0	21.0	20.0
26.0	26.0	24.0
21.0	33.0	49.0
24.0	44.0	77.0
35.0	40.0	36.0
101.0	51.0	40.0
42.0	88.0	112.0
116.0	129.0	111.0
156.0	135.0	104.0
25.0	27.0	22.0
32.0	49.0	69.0
51.0	115.0	140.0
22.0	49.0	76.0
11.0	13.0	10.0
6.0	6.0	6.0
23.0	56.0	87.0
9.0	11.0	10.0
12.0	22.0	24.0
8.0	10.0	7.0
12.0	14.0	11.0
90.0	44.0	31.0
39.0	119.0	146.0
137.0	105.0	82.0
144.0	88.0	65.0
186.0	209.0	183.0
11.0	13.0	12.0
27.0	83.0	116.0
71.0	30.0	26.0
26.0	47.0	78.0
191.0	163.0	124.0
21.0	45.0	71.0
21.0	43.0	64.0
91.0	36.0	31.0
73.0	35.0	26.0
89.0	41.0	31.0
159.0	100.0	68.0
224.0	242.0	220.0
117.0	128.0	111.0
31.0	87.0	124.0
147.0	107.0	82.0
30.0	65.0	95.0
51.0	79.0	83.0
23.0	37.0	63.0
116.0	127.0	110.0
38.0	72.0	97.0
9.0	13.0	12.0
28.0	62.0	99.0
168.0	114.0	86.0
11.0	13.0	10.0
10.0	12.0	11.0
19.0	43.0	71.0
14.0	19.0	15.0
12.0	14.0	11.0
14.0	16.0	15.0
14.0	14.0	12.0
20.0	23.0	28.0
26.0	28.0	25.0
16.0	18.0	15.0
22.0	46.0	70.0
32.0	70.0	107.0
14.0	16.0	15.0
21.0	29.0	48.0
18.0	42.0	52.0
13.0	13.0	11.0
31.0	64.0	71.0
94.0	35.0	29.0
12.0	14.0	11.0
135.0	85.0	60.0
115.0	56.0	40.0
35.0	54.0	86.0
79.0	36.0	30.0
212.0	191.0	136.0
89.0	38.0	34.0
25.0	40.0	69.0
8.0	10.0	7.0
137.0	154.0	138.0
78.0	35.0	29.0
13.0	15.0	14.0
184.0	131.0	99.0
22.0	46.0	74.0
167.0	185.0	163.0
18.0	25.0	43.0
51.0	102.0	129.0
134.0	109.0	78.0
29.0	56.0	85.0
31.0	100.0	131.0
20.0	39.0	43.0
205.0	171.0	125.0
22.0	26.0	38.0
25.0	42.0	68.0
200.0	154.0	105.0
20.0	31.0	53.0
225.0	200.0	144.0
16.0	19.0	26.0
25.0	51.0	74.0
26.0	56.0	80.0
38.0	108.0	133.0
23.0	29.0	45.0
32.0	60.0	84.0
0.0	0.0	0.0
0.0	0.0	0.0
74.0	33.0	27.0
10.0	12.0	11.0
30.0	77.0	107.0
18.0	25.0	35.0
14.0	16.0	13.0
22.0	43.0	70.0
140.0	95.0	64.0
193.0	146.0	104.0
56.0	99.0	116.0
115.0	128.0	111.0
23.0	34.0	52.0
34.0	80.0	114.0
21.0	29.0	50.0
22.0	24.0	21.0
26.0	66.0	101.0
189.0	172.0	129.0
36.0	60.0	70.0
29.0	72.0	106.0
33.0	109.0	143.0
11.0	13.0	10.0
163.0	111.0	72.0
29.0	66.0	95.0
17.0	19.0	18.0
31.0	70.0	103.0
106.0	49.0	40.0
64.0	37.0	28.0
13.0	13.0	11.0
36.0	51.0	56.0
197.0	189.0	143.0
24.0	39.0	60.0
10.0	12.0	11.0
80.0	48.0	35.0
10.0	12.0	9.0
26.0	56.0	80.0
14.0	14.0	12.0
0.0	0.0	0.0
34.0	92.0	106.0
12.0	14.0	13.0
43.0	78.0	108.0
65.0	30.0	26.0
19.0	40.0	61.0
95.0	59.0	47.0
170.0	135.0	107.0
23.0	26.0	45.0
14.0	16.0	13.0
170.0	130.0	95.0
33.0	69.0	95.0
13.0	15.0	12.0
10.0	12.0	11.0
59.0	106.0	132.0
221.0	190.0	143.0
100.0	46.0	36.0
224.0	235.0	157.0
37.0	117.0	144.0
9.0	11.0	8.0
25.0	55.0	83.0
152.0	107.0	78.0
122.0	133.0	116.0
12.0	14.0	11.0
171.0	123.0	87.0
121.0	132.0	115.0
14.0	14.0	12.0
12.0	14.0	11.0
10.0	12.0	9.0
22.0	52.0	86.0
27.0	61.0	88.0
161.0	114.0	84.0
92.0	42.0	33.0
10.0	15.0	9.0
16.0	18.0	30.0
21.0	24.0	39.0
122.0	134.0	114.0
27.0	60.0	93.0
143.0	127.0	101.0
138.0	96.0	71.0
103.0	49.0	37.0
171.0	123.0	87.0
22.0	49.0	76.0
13.0	17.0	16.0
26.0	60.0	87.0
151.0	113.0	92.0
12.0	14.0	13.0
34.0	65.0	83.0
24.0	36.0	62.0
64.0	87.0	81.0
229.0	193.0	141.0
171.0	146.0	116.0
23.0	45.0	68.0
22.0	40.0	64.0
23.0	41.0	55.0
24.0	42.0	62.0
11.0	13.0	10.0
18.0	41.0	47.0
24.0	46.0	69.0
47.0	112.0	142.0
33.0	74.0	106.0
18.0	38.0	62.0
156.0	117.0	88.0
72.0	35.0	27.0
26.0	50.0	76.0
143.0	87.0	60.0
11.0	13.0	12.0
112.0	123.0	106.0
78.0	35.0	29.0
195.0	181.0	144.0
12.0	14.0	11.0
22.0	52.0	76.0
20.0	50.0	78.0
34.0	92.0	129.0
26.0	53.0	80.0
20.0	27.0	46.0
97.0	53.0	40.0
125.0	78.0	58.0
82.0	37.0	31.0
167.0	166.0	146.0
13.0	15.0	12.0
33.0	87.0	125.0
16.0	16.0	14.0
37.0	106.0	145.0
126.0	95.0	67.0
26.0	42.0	65.0
29.0	65.0	99.0
104.0	55.0	41.0
222.0	239.0	135.0
11.0	13.0	10.0
26.0	82.0	117.0
33.0	15.0	11.0
14.0	16.0	13.0
16.0	16.0	14.0
17.0	28.0	30.0
183.0	155.0	108.0
12.0	14.0	11.0
23.0	55.0	78.0
32.0	68.0	100.0
158.0	125.0	84.0
53.0	86.0	103.0
152.0	111.0	79.0
177.0	157.0	122.0
35.0	112.0	140.0
123.0	137.0	122.0
26.0	50.0	76.0
28.0	66.0	89.0
12.0	14.0	11.0
9.0	11.0	8.0
26.0	53.0	72.0
147.0	112.0	92.0
16.0	18.0	15.0
0.0	2.0	1.0
26.0	34.0	57.0
18.0	27.0	42.0
109.0	63.0	40.0
9.0	11.0	8.0
13.0	15.0	12.0
35.0	66.0	86.0
175.0	155.0	128.0
41.0	95.0	131.0
77.0	49.0	37.0
90.0	43.0	35.0
16.0	18.0	17.0
25.0	53.0	67.0
125.0	73.0	60.0
9.0	11.0	10.0
57.0	100.0	117.0
109.0	85.0	57.0
12.0	14.0	11.0
25.0	65.0	101.0
87.0	48.0	33.0
112.0	88.0	60.0
137.0	99.0	80.0
15.0	15.0	13.0
22.0	61.0	92.0
29.0	62.0	93.0
51.0	131.0	156.0
30.0	90.0	118.0
119.0	130.0	113.0
14.0	14.0	12.0
87.0	43.0	32.0
164.0	143.0	98.0
15.0	14.0	12.0
100.0	46.0	36.0
167.0	186.0	166.0
10.0	14.0	15.0
134.0	99.0	77.0
67.0	77.0	68.0
58.0	30.0	27.0
11.0	13.0	10.0
48.0	137.0	169.0
54.0	79.0	84.0
154.0	113.0	83.0
171.0	122.0	89.0
16.0	20.0	31.0
156.0	169.0	151.0
161.0	135.0	112.0
112.0	78.0	51.0
29.0	65.0	89.0
34.0	80.0	113.0
21.0	45.0	69.0
97.0	71.0	44.0
21.0	42.0	69.0
7.0	16.0	13.0
84.0	37.0	31.0
22.0	44.0	65.0
26.0	53.0	80.0
62.0	92.0	102.0
24.0	46.0	70.0
19.0	25.0	39.0
53.0	88.0	94.0
14.0	16.0	13.0
32.0	91.0	123.0
74.0	36.0	27.0
91.0	48.0	39.0
20.0	20.0	18.0
69.0	32.0	26.0
18.0	26.0	39.0
197.0	169.0	122.0
160.0	104.0	77.0
18.0	20.0	17.0
43.0	113.0	115.0
20.0	23.0	30.0
21.0	32.0	52.0
11.0	16.0	10.0
17.0	19.0	34.0
26.0	58.0	96.0
30.0	57.0	64.0
20.0	31.0	49.0
11.0	13.0	12.0
27.0	48.0	67.0
135.0	67.0	46.0
29.0	59.0	93.0
25.0	52.0	47.0
10.0	12.0	11.0
82.0	35.0	27.0
151.0	117.0	92.0
116.0	134.0	122.0
27.0	63.0	87.0
17.0	25.0	28.0
21.0	49.0	73.0
80.0	64.0	49.0
25.0	25.0	23.0
25.0	70.0	103.0
61.0	26.0	20.0
12.0	14.0	11.0
139.0	120.0	90.0
161.0	115.0	82.0
117.0	144.0	109.0
163.0	140.0	109.0
24.0	57.0	90.0
71.0	34.0	28.0
19.0	21.0	33.0
0.0	0.0	0.0
39.0	104.0	126.0
29.0	57.0	79.0
23.0	50.0	79.0
94.0	44.0	33.0
19.0	31.0	47.0
70.0	33.0	27.0
22.0	36.0	63.0
25.0	53.0	77.0
10.0	12.0	11.0
11.0	13.0	10.0
197.0	157.0	98.0
15.0	19.0	18.0
9.0	11.0	8.0
123.0	136.0	116.0
87.0	48.0	31.0
14.0	16.0	15.0
124.0	97.0	70.0
12.0	14.0	13.0
13.0	13.0	11.0
13.0	15.0	12.0
24.0	59.0	91.0
22.0	44.0	67.0
12.0	14.0	11.0
69.0	26.0	19.0
54.0	154.0	178.0
12.0	14.0	13.0
28.0	78.0	113.0
14.0	16.0	13.0
8.0	10.0	7.0
161.0	147.0	118.0
27.0	35.0	24.0
19.0	41.0	39.0
65.0	32.0	27.0
8.0	10.0	7.0
119.0	131.0	111.0
177.0	155.0	118.0
148.0	116.0	77.0
119.0	134.0	111.0
20.0	35.0	58.0
121.0	132.0	115.0
35.0	85.0	110.0
32.0	34.0	31.0
23.0	30.0	49.0
162.0	133.0	99.0
86.0	37.0	30.0
97.0	47.0	38.0
149.0	125.0	97.0
20.0	23.0	30.0
23.0	50.0	77.0
138.0	91.0	73.0
19.0	28.0	35.0
20.0	41.0	68.0
12.0	14.0	11.0
103.0	51.0	38.0
22.0	28.0	54.0
93.0	43.0	34.0
10.0	12.0	9.0
25.0	52.0	79.0
25.0	56.0	84.0
176.0	127.0	86.0
20.0	44.0	68.0
28.0	52.0	54.0
98.0	46.0	32.0
36.0	94.0	105.0
9.0	11.0	10.0
147.0	157.0	104.0
14.0	16.0	13.0
25.0	56.0	77.0
176.0	137.0	108.0
74.0	35.0	28.0
11.0	11.0	11.0
165.0	115.0	88.0
109.0	49.0	38.0
20.0	20.0	30.0
83.0	49.0	37.0
22.0	37.0	68.0
16.0	22.0	34.0
149.0	101.0	81.0
161.0	114.0	88.0
26.0	64.0	100.0
24.0	51.0	78.0
27.0	53.0	80.0
20.0	31.0	33.0
156.0	149.0	120.0
13.0	15.0	14.0
47.0	74.0	81.0
19.0	21.0	33.0
13.0	13.0	11.0
86.0	37.0	30.0
121.0	53.0	42.0
183.0	135.0	97.0
20.0	30.0	29.0
27.0	61.0	98.0
30.0	61.0	92.0
13.0	23.0	24.0
61.0	73.0	69.0
25.0	36.0	64.0
145.0	108.0	81.0
35.0	15.0	14.0
25.0	41.0	67.0
139.0	112.0	85.0
12.0	14.0	11.0
25.0	57.0	78.0
14.0	16.0	15.0
20.0	35.0	54.0
14.0	14.0	12.0
32.0	70.0	107.0
18.0	17.0	13.0
19.0	50.0	78.0
17.0	22.0	18.0
25.0	60.0	82.0
22.0	30.0	53.0
69.0	92.0	86.0
27.0	39.0	51.0
10.0	12.0	11.0
145.0	127.0	103.0
21.0	32.0	50.0
17.0	17.0	15.0
13.0	17.0	16.0
26.0	37.0	55.0
62.0	33.0	25.0
30.0	66.0	100.0
27.0	46.0	76.0
21.0	43.0	66.0
183.0	131.0	92.0
22.0	42.0	67.0
22.0	37.0	68.0
106.0	65.0	45.0
102.0	48.0	36.0
123.0	62.0	43.0
29.0	19.0	17.0
28.0	55.0	84.0
68.0	33.0	27.0
103.0	51.0	38.0
15.0	17.0	16.0
120.0	132.0	110.0
32.0	92.0	120.0
26.0	65.0	98.0
178.0	154.0	120.0
170.0	168.0	147.0
167.0	128.0	97.0
12.0	14.0	11.0
112.0	65.0	45.0
182.0	148.0	100.0
11.0	11.0	9.0
113.0	53.0	43.0
38.0	70.0	91.0
20.0	54.0	79.0
35.0	84.0	116.0
38.0	101.0	136.0
11.0	13.0	12.0
21.0	23.0	20.0
14.0	20.0	20.0
28.0	69.0	99.0
16.0	17.0	19.0
99.0	57.0	41.0
78.0	35.0	29.0
12.0	14.0	11.0
23.0	41.0	65.0
69.0	39.0	31.0
28.0	55.0	84.0
17.0	19.0	16.0
75.0	41.0	31.0
20.0	35.0	54.0
18.0	20.0	17.0
30.0	60.0	88.0
160.0	125.0	95.0
22.0	29.0	45.0
26.0	44.0	66.0
115.0	128.0	110.0
85.0	47.0	36.0
17.0	24.0	42.0
29.0	68.0	97.0
25.0	56.0	85.0
155.0	126.0	94.0
13.0	15.0	14.0
87.0	40.0	34.0
153.0	145.0	124.0
13.0	15.0	10.0
14.0	16.0	15.0
11.0	13.0	10.0
14.0	16.0	13.0
24.0	50.0	77.0
200.0	146.0	99.0
14.0	14.0	12.0
154.0	124.0	86.0
32.0	52.0	76.0
20.0	53.0	86.0
198.0	221.0	195.0
10.0	12.0	11.0
95.0	38.0	29.0
9.0	11.0	10.0
30.0	73.0	105.0
29.0	63.0	91.0
17.0	24.0	40.0
31.0	45.0	48.0
70.0	31.0	24.0
224.0	193.0	139.0
14.0	16.0	15.0
22.0	35.0	52.0
14.0	16.0	13.0
11.0	13.0	12.0
0.0	0.0	0.0
13.0	13.0	11.0
101.0	54.0	46.0
13.0	15.0	12.0
23.0	40.0	60.0
174.0	128.0	94.0
108.0	59.0	42.0
57.0	104.0	112.0
38.0	43.0	39.0
9.0	11.0	8.0
24.0	48.0	76.0
17.0	19.0	16.0
91.0	48.0	39.0
164.0	120.0	83.0
94.0	65.0	47.0
113.0	55.0	43.0
18.0	33.0	38.0
239.0	238.0	243.0
46.0	130.0	164.0
106.0	118.0	104.0
12.0	14.0	11.0
18.0	22.0	33.0
27.0	45.0	67.0
27.0	80.0	150.0
112.0	125.0	108.0
9.0	11.0	8.0
18.0	26.0	39.0
29.0	59.0	85.0
19.0	30.0	52.0
130.0	92.0	73.0
106.0	118.0	104.0
28.0	67.0	100.0
92.0	51.0	45.0
12.0	14.0	11.0
24.0	54.0	80.0
26.0	44.0	58.0
24.0	51.0	78.0
14.0	38.0	48.0
28.0	81.0	115.0
38.0	114.0	138.0
10.0	12.0	9.0
99.0	49.0	40.0
11.0	13.0	12.0
131.0	82.0	67.0
66.0	32.0	20.0
34.0	79.0	110.0
41.0	113.0	151.0
26.0	28.0	25.0
73.0	40.0	33.0
19.0	22.0	39.0
28.0	64.0	98.0
84.0	41.0	32.0
28.0	51.0	82.0
26.0	48.0	72.0
23.0	35.0	57.0
14.0	16.0	15.0
31.0	76.0	115.0
31.0	94.0	127.0
14.0	16.0	13.0
69.0	32.0	26.0
106.0	52.0	42.0
91.0	47.0	38.0
143.0	97.0	74.0
21.0	29.0	50.0
184.0	161.0	119.0
33.0	60.0	89.0
21.0	41.0	66.0
0.0	0.0	0.0
9.0	11.0	8.0
69.0	184.0	205.0
13.0	15.0	12.0
83.0	40.0	33.0
21.0	28.0	54.0
13.0	15.0	12.0
135.0	139.0	122.0
32.0	58.0	83.0
119.0	74.0	51.0
11.0	20.0	15.0
174.0	129.0	100.0
26.0	59.0	90.0
31.0	85.0	123.0
20.0	23.0	32.0
21.0	27.0	25.0
12.0	14.0	13.0
33.0	63.0	91.0
22.0	33.0	55.0
25.0	48.0	80.0
114.0	76.0	57.0
30.0	66.0	98.0
228.0	199.0	141.0
24.0	42.0	64.0
171.0	160.0	130.0
27.0	68.0	100.0
19.0	26.0	44.0
120.0	131.0	114.0
145.0	161.0	148.0
31.0	16.0	11.0
35.0	76.0	80.0
20.0	36.0	61.0
224.0	239.0	144.0
103.0	83.0	59.0
13.0	15.0	14.0
105.0	61.0	50.0
13.0	19.0	17.0
195.0	182.0	129.0
25.0	54.0	86.0
21.0	32.0	54.0
10.0	12.0	9.0
12.0	14.0	11.0
10.0	12.0	11.0
14.0	16.0	15.0
38.0	109.0	137.0
47.0	56.0	55.0
104.0	125.0	110.0
14.0	16.0	13.0
50.0	57.0	50.0
12.0	14.0	11.0
122.0	133.0	116.0
9.0	11.0	10.0
50.0	144.0	172.0
122.0	134.0	114.0
22.0	65.0	99.0
67.0	39.0	28.0
62.0	66.0	67.0
24.0	53.0	85.0
235.0	245.0	236.0
23.0	23.0	21.0
14.0	16.0	13.0
216.0	239.0	211.0
21.0	30.0	45.0
10.0	12.0	11.0
111.0	53.0	42.0
156.0	105.0	78.0
21.0	29.0	52.0
27.0	59.0	84.0
26.0	28.0	23.0
90.0	41.0	34.0
17.0	22.0	28.0
25.0	46.0	49.0
93.0	105.0	91.0
13.0	15.0	14.0
50.0	110.0	136.0
121.0	68.0	50.0
116.0	89.0	62.0
28.0	54.0	81.0
15.0	15.0	13.0
11.0	13.0	10.0
32.0	80.0	118.0
13.0	15.0	14.0
54.0	88.0	98.0
96.0	48.0	36.0
14.0	16.0	13.0
12.0	14.0	11.0
132.0	102.0	78.0
25.0	51.0	76.0
226.0	240.0	142.0
21.0	23.0	22.0
12.0	14.0	11.0
70.0	59.0	39.0
8.0	10.0	7.0
159.0	136.0	86.0
51.0	58.0	51.0
11.0	13.0	10.0
129.0	87.0	73.0
10.0	12.0	11.0
20.0	27.0	37.0
28.0	63.0	91.0
29.0	68.0	101.0
13.0	13.0	11.0
25.0	39.0	40.0
20.0	44.0	46.0
16.0	16.0	14.0
22.0	58.0	92.0
22.0	35.0	54.0
24.0	51.0	72.0
105.0	47.0	36.0
22.0	29.0	48.0
31.0	58.0	87.0
193.0	217.0	185.0
28.0	58.0	84.0
9.0	11.0	8.0
99.0	52.0	42.0
16.0	18.0	17.0
28.0	60.0	85.0
19.0	27.0	40.0
10.0	12.0	11.0
69.0	103.0	102.0
12.0	12.0	10.0
37.0	43.0	43.0
84.0	46.0	37.0
15.0	17.0	16.0
91.0	32.0	26.0
26.0	46.0	79.0
23.0	23.0	21.0
40.0	116.0	150.0
22.0	37.0	60.0
26.0	50.0	74.0
19.0	37.0	59.0
11.0	13.0	12.0
21.0	33.0	33.0
71.0	100.0	106.0
33.0	76.0	85.0
77.0	40.0	32.0
78.0	35.0	28.0
26.0	71.0	104.0
26.0	41.0	70.0
86.0	38.0	28.0
21.0	29.0	50.0
136.0	60.0	44.0
24.0	24.0	32.0
0.0	0.0	0.0
28.0	72.0	109.0
27.0	63.0	95.0
32.0	71.0	104.0
13.0	15.0	12.0
83.0	34.0	27.0
101.0	44.0	33.0
171.0	129.0	89.0
130.0	100.0	64.0
10.0	12.0	9.0
63.0	30.0	23.0
30.0	71.0	103.0
21.0	37.0	60.0
117.0	132.0	113.0
54.0	116.0	115.0
33.0	75.0	113.0
28.0	61.0	92.0
34.0	82.0	120.0
221.0	188.0	147.0
8.0	10.0	7.0
23.0	56.0	87.0
153.0	139.0	104.0
10.0	10.0	8.0
18.0	18.0	16.0
184.0	158.0	121.0
107.0	116.0	95.0
23.0	52.0	82.0
27.0	61.0	86.0
19.0	19.0	31.0
27.0	66.0	97.0
32.0	96.0	132.0
30.0	65.0	84.0
78.0	33.0	27.0
216.0	239.0	213.0
11.0	13.0	12.0
29.0	32.0	25.0
106.0	70.0	54.0
11.0	13.0	10.0
23.0	44.0	73.0
60.0	31.0	27.0
13.0	13.0	11.0
13.0	15.0	12.0
18.0	18.0	26.0
24.0	58.0	85.0
78.0	34.0	25.0
0.0	0.0	0.0
14.0	23.0	22.0
24.0	44.0	68.0
13.0	15.0	12.0
149.0	118.0	87.0
26.0	62.0	96.0
79.0	39.0	29.0
10.0	12.0	11.0
73.0	41.0	30.0
13.0	15.0	14.0
23.0	48.0	70.0
23.0	25.0	24.0
18.0	23.0	45.0
19.0	30.0	52.0
14.0	14.0	12.0
15.0	15.0	13.0
24.0	28.0	40.0
73.0	30.0	23.0
20.0	23.0	32.0
26.0	57.0	88.0
19.0	45.0	62.0
11.0	13.0	12.0
15.0	17.0	16.0
22.0	36.0	62.0
11.0	13.0	12.0
13.0	15.0	14.0
109.0	50.0	42.0
22.0	24.0	21.0
120.0	131.0	114.0
27.0	62.0	84.0
142.0	96.0	73.0
62.0	157.0	185.0
28.0	63.0	93.0
25.0	25.0	23.0
68.0	31.0	23.0
30.0	64.0	99.0
28.0	63.0	83.0
28.0	59.0	88.0
10.0	12.0	9.0
12.0	14.0	13.0
25.0	65.0	101.0
79.0	36.0	27.0
166.0	149.0	121.0
15.0	17.0	16.0
79.0	26.0	22.0
19.0	27.0	40.0
93.0	123.0	125.0
157.0	132.0	101.0
22.0	56.0	83.0
42.0	105.0	110.0
24.0	63.0	96.0
43.0	90.0	118.0
58.0	74.0	64.0
171.0	156.0	113.0
86.0	52.0	42.0
16.0	19.0	26.0
215.0	239.0	145.0
73.0	33.0	25.0
9.0	11.0	8.0
28.0	73.0	104.0
30.0	50.0	85.0
84.0	54.0	46.0
11.0	13.0	10.0
12.0	14.0	11.0
137.0	119.0	95.0
24.0	45.0	74.0
28.0	59.0	88.0
11.0	13.0	12.0
84.0	37.0	29.0
12.0	14.0	11.0
21.0	23.0	44.0
143.0	107.0	75.0
146.0	96.0	63.0
20.0	40.0	67.0
188.0	158.0	106.0
11.0	13.0	12.0
25.0	55.0	81.0
21.0	41.0	65.0
16.0	18.0	30.0
161.0	134.0	91.0
18.0	20.0	33.0
24.0	27.0	44.0
13.0	13.0	11.0
107.0	76.0	56.0
29.0	64.0	94.0
67.0	30.0	24.0
11.0	11.0	9.0
13.0	13.0	11.0
17.0	19.0	18.0
12.0	13.0	8.0
11.0	13.0	10.0
24.0	50.0	75.0
10.0	12.0	9.0
201.0	164.0	120.0
11.0	16.0	10.0
177.0	168.0	139.0
15.0	22.0	40.0
26.0	46.0	71.0
36.0	106.0	142.0
33.0	39.0	39.0
67.0	30.0	22.0
29.0	65.0	101.0
16.0	18.0	17.0
13.0	15.0	12.0
8.0	10.0	7.0
92.0	45.0	35.0
9.0	11.0	8.0
47.0	114.0	141.0
21.0	37.0	60.0
29.0	54.0	85.0
62.0	29.0	24.0
23.0	31.0	52.0
19.0	25.0	37.0
21.0	48.0	77.0
20.0	47.0	74.0
50.0	55.0	49.0
16.0	23.0	39.0
23.0	55.0	78.0
180.0	145.0	103.0
48.0	69.0	74.0
164.0	135.0	95.0
35.0	40.0	36.0
68.0	41.0	32.0
22.0	48.0	71.0
161.0	105.0	78.0
27.0	55.0	58.0
30.0	66.0	100.0
30.0	67.0	96.0
12.0	23.0	17.0
20.0	35.0	56.0
99.0	51.0	41.0
25.0	55.0	81.0
75.0	34.0	28.0
93.0	51.0	39.0
24.0	51.0	80.0
30.0	75.0	108.0
20.0	36.0	59.0
235.0	203.0	146.0
109.0	59.0	50.0
16.0	18.0	17.0
13.0	13.0	11.0
101.0	43.0	32.0
77.0	43.0	31.0
27.0	50.0	81.0
91.0	39.0	26.0
16.0	18.0	15.0
170.0	161.0	130.0
20.0	40.0	65.0
106.0	57.0	40.0
66.0	76.0	67.0
9.0	11.0	8.0
26.0	53.0	80.0
69.0	35.0	26.0
57.0	64.0	56.0
17.0	19.0	18.0
31.0	70.0	101.0
113.0	57.0	44.0
99.0	47.0	34.0
164.0	157.0	129.0
16.0	17.0	12.0
89.0	46.0	39.0
20.0	22.0	19.0
140.0	104.0	82.0
11.0	13.0	12.0
22.0	59.0	88.0
26.0	65.0	96.0
23.0	49.0	76.0
70.0	37.0	28.0
161.0	138.0	94.0
38.0	67.0	62.0
10.0	12.0	11.0
23.0	38.0	59.0
131.0	85.0	52.0
109.0	55.0	43.0
10.0	12.0	11.0
30.0	86.0	121.0
59.0	63.0	46.0
23.0	38.0	61.0
24.0	31.0	59.0
13.0	15.0	14.0
23.0	44.0	73.0
10.0	12.0	11.0
18.0	20.0	15.0
104.0	60.0	49.0
23.0	24.0	26.0
13.0	15.0	14.0
22.0	59.0	85.0
11.0	13.0	12.0
140.0	93.0	65.0
21.0	54.0	71.0
14.0	16.0	13.0
27.0	47.0	74.0
92.0	43.0	36.0
32.0	98.0	130.0
152.0	143.0	114.0
141.0	76.0	54.0
12.0	14.0	11.0
122.0	91.0	62.0
0.0	0.0	0.0
32.0	79.0	109.0
186.0	145.0	113.0
33.0	78.0	109.0
30.0	66.0	92.0
87.0	40.0	34.0
13.0	15.0	12.0
26.0	47.0	76.0
72.0	31.0	25.0
52.0	60.0	47.0
85.0	38.0	32.0
174.0	124.0	99.0
23.0	68.0	101.0
34.0	54.0	45.0
66.0	76.0	67.0
11.0	13.0	12.0
15.0	17.0	16.0
15.0	24.0	41.0
21.0	32.0	52.0
8.0	10.0	7.0
20.0	22.0	19.0
11.0	13.0	10.0
12.0	14.0	11.0
135.0	104.0	73.0
14.0	16.0	13.0
33.0	35.0	32.0
18.0	21.0	38.0
14.0	16.0	11.0
29.0	73.0	102.0
11.0	13.0	12.0
27.0	71.0	106.0
26.0	55.0	85.0
24.0	43.0	73.0
26.0	47.0	76.0
24.0	50.0	73.0
61.0	98.0	104.0
41.0	121.0	156.0
32.0	77.0	110.0
27.0	73.0	107.0
35.0	86.0	117.0
32.0	69.0	88.0
63.0	169.0	191.0
103.0	124.0	105.0
26.0	65.0	96.0
56.0	128.0	140.0
24.0	55.0	83.0
24.0	50.0	75.0
22.0	51.0	81.0
65.0	86.0	81.0
38.0	98.0	134.0
28.0	61.0	94.0
24.0	59.0	91.0
23.0	55.0	78.0
61.0	120.0	126.0
29.0	61.0	86.0
21.0	45.0	71.0
22.0	46.0	74.0
27.0	68.0	100.0
24.0	55.0	83.0
30.0	87.0	116.0
29.0	56.0	85.0
22.0	48.0	75.0
23.0	49.0	74.0
23.0	60.0	87.0
28.0	62.0	97.0
33.0	74.0	106.0
25.0	53.0	75.0
25.0	55.0	81.0
41.0	67.0	82.0
28.0	85.0	114.0
23.0	43.0	67.0
28.0	61.0	92.0
44.0	99.0	130.0
24.0	51.0	78.0
31.0	81.0	118.0
42.0	124.0	146.0
26.0	75.0	105.0
38.0	84.0	107.0
34.0	75.0	107.0
27.0	62.0	94.0
38.0	102.0	137.0
28.0	69.0	101.0
45.0	95.0	122.0
33.0	103.0	128.0
42.0	109.0	138.0
27.0	53.0	88.0
40.0	79.0	74.0
26.0	47.0	74.0
27.0	66.0	99.0
29.0	73.0	102.0
34.0	70.0	92.0
45.0	109.0	134.0
27.0	76.0	109.0
38.0	110.0	135.0
34.0	81.0	109.0
29.0	73.0	108.0
22.0	47.0	67.0
46.0	94.0	108.0
24.0	48.0	74.0
40.0	110.0	122.0
20.0	46.0	71.0
70.0	161.0	180.0
31.0	65.0	100.0
22.0	48.0	75.0
27.0	56.0	86.0
26.0	70.0	97.0
25.0	68.0	103.0
26.0	62.0	88.0
35.0	75.0	101.0
60.0	74.0	75.0
33.0	74.0	106.0
28.0	68.0	103.0
26.0	56.0	82.0
23.0	47.0	71.0
24.0	54.0	80.0
25.0	57.0	82.0
23.0	47.0	73.0
73.0	94.0	89.0
26.0	56.0	84.0
23.0	53.0	81.0
20.0	54.0	82.0
38.0	118.0	145.0
51.0	118.0	147.0
22.0	61.0	92.0
31.0	79.0	115.0
30.0	74.0	109.0
31.0	65.0	100.0
23.0	55.0	78.0
30.0	100.0	134.0
48.0	139.0	168.0
31.0	99.0	118.0
34.0	84.0	109.0
23.0	67.0	102.0
25.0	64.0	97.0
23.0	78.0	109.0
91.0	102.0	88.0
28.0	81.0	149.0
28.0	62.0	89.0
32.0	68.0	94.0
91.0	131.0	122.0
27.0	57.0	83.0
19.0	46.0	73.0
40.0	100.0	134.0
25.0	52.0	82.0
40.0	112.0	137.0
22.0	44.0	67.0
38.0	100.0	137.0
26.0	52.0	77.0
32.0	82.0	117.0
30.0	92.0	115.0
48.0	95.0	123.0
29.0	68.0	99.0
37.0	102.0	140.0
25.0	60.0	92.0
42.0	108.0	134.0
28.0	74.0	110.0
24.0	60.0	92.0
30.0	74.0	109.0
23.0	46.0	78.0
87.0	97.0	88.0
26.0	52.0	79.0
20.0	44.0	68.0
30.0	78.0	114.0
30.0	90.0	124.0
28.0	82.0	120.0
21.0	48.0	69.0
31.0	74.0	108.0
51.0	149.0	178.0
25.0	54.0	88.0
56.0	108.0	132.0
28.0	93.0	115.0
31.0	79.0	117.0
24.0	67.0	101.0
29.0	58.0	88.0
22.0	56.0	84.0
68.0	116.0	136.0
63.0	131.0	152.0
38.0	67.0	73.0
30.0	54.0	80.0
25.0	52.0	79.0
30.0	76.0	109.0
21.0	47.0	74.0
29.0	64.0	86.0
62.0	164.0	187.0
23.0	56.0	89.0
44.0	122.0	158.0
23.0	49.0	72.0
23.0	56.0	87.0
54.0	83.0	101.0
23.0	49.0	72.0
27.0	63.0	97.0
27.0	73.0	109.0
30.0	68.0	104.0
24.0	67.0	101.0
23.0	47.0	81.0
28.0	74.0	108.0
29.0	73.0	100.0
22.0	53.0	81.0
41.0	95.0	123.0
29.0	64.0	96.0
27.0	66.0	97.0
28.0	65.0	92.0
25.0	66.0	96.0
28.0	69.0	101.0
27.0	60.0	93.0
49.0	102.0	110.0
22.0	52.0	80.0
26.0	66.0	101.0
20.0	45.0	65.0
23.0	51.0	75.0
26.0	53.0	80.0
31.0	77.0	111.0
22.0	51.0	81.0
24.0	52.0	76.0
37.0	116.0	146.0
25.0	60.0	82.0
27.0	50.0	82.0
32.0	57.0	64.0
30.0	84.0	120.0
42.0	99.0	116.0
26.0	47.0	68.0
33.0	99.0	123.0
28.0	68.0	103.0
27.0	54.0	83.0
34.0	63.0	79.0
25.0	42.0	70.0
22.0	52.0	80.0
22.0	45.0	77.0
36.0	62.0	87.0
41.0	108.0	135.0
27.0	57.0	85.0
31.0	71.0	106.0
27.0	60.0	95.0
25.0	49.0	77.0
36.0	102.0	137.0
24.0	67.0	101.0
22.0	62.0	88.0
25.0	64.0	95.0
35.0	85.0	120.0
27.0	55.0	79.0
25.0	53.0	77.0
30.0	69.0	102.0
32.0	72.0	107.0
23.0	47.0	73.0
30.0	57.0	87.0
27.0	45.0	69.0
27.0	54.0	81.0
31.0	67.0	101.0
26.0	64.0	100.0
31.0	63.0	86.0
35.0	76.0	106.0
47.0	96.0	90.0
24.0	46.0	70.0
25.0	47.0	71.0
23.0	53.0	81.0
27.0	76.0	109.0
34.0	67.0	100.0
51.0	141.0	175.0
41.0	103.0	118.0
20.0	41.0	68.0
23.0	43.0	68.0
22.0	59.0	85.0
32.0	73.0	95.0
33.0	89.0	114.0
28.0	68.0	103.0
47.0	123.0	155.0
32.0	83.0	114.0
27.0	52.0	83.0
30.0	70.0	96.0
24.0	69.0	100.0
28.0	65.0	91.0
35.0	84.0	116.0
25.0	50.0	80.0
52.0	118.0	140.0
34.0	94.0	131.0
32.0	88.0	125.0
25.0	56.0	85.0
24.0	84.0	147.0
29.0	67.0	90.0
22.0	44.0	68.0
25.0	68.0	103.0
36.0	92.0	129.0
22.0	48.0	75.0
26.0	67.0	95.0
36.0	81.0	112.0
34.0	107.0	139.0
26.0	52.0	77.0
25.0	66.0	98.0
24.0	58.0	93.0
30.0	67.0	94.0
39.0	84.0	115.0
26.0	69.0	103.0
27.0	73.0	107.0
27.0	77.0	104.0
27.0	64.0	90.0
24.0	48.0	74.0
24.0	39.0	68.0
32.0	96.0	124.0
25.0	47.0	70.0
35.0	103.0	106.0
55.0	157.0	182.0
25.0	62.0	88.0
32.0	93.0	122.0
25.0	45.0	70.0
47.0	72.0	79.0
28.0	45.0	71.0
63.0	84.0	87.0
25.0	46.0	75.0
35.0	69.0	96.0
27.0	61.0	96.0
42.0	104.0	141.0
27.0	70.0	104.0
24.0	46.0	70.0
39.0	115.0	147.0
39.0	112.0	145.0
24.0	46.0	70.0
28.0	61.0	92.0
24.0	64.0	100.0
23.0	45.0	68.0
57.0	106.0	113.0
29.0	69.0	104.0
32.0	70.0	106.0
28.0	54.0	77.0
21.0	55.0	82.0
27.0	65.0	101.0
27.0	63.0	95.0
29.0	65.0	99.0
26.0	48.0	72.0
28.0	46.0	66.0
28.0	60.0	75.0
28.0	64.0	98.0
32.0	63.0	94.0
32.0	66.0	101.0
25.0	64.0	95.0
29.0	66.0	93.0
17.0	43.0	68.0
34.0	79.0	108.0
42.0	115.0	147.0
33.0	72.0	101.0
26.0	53.0	72.0
40.0	104.0	139.0
24.0	63.0	96.0
24.0	52.0	76.0
31.0	67.0	93.0
23.0	53.0	77.0
30.0	64.0	89.0
25.0	59.0	84.0
27.0	58.0	89.0
26.0	66.0	101.0
36.0	75.0	104.0
27.0	64.0	90.0
31.0	75.0	112.0
23.0	49.0	76.0
23.0	45.0	69.0
24.0	53.0	83.0
29.0	64.0	86.0
25.0	51.0	76.0
28.0	65.0	91.0
44.0	96.0	120.0
24.0	46.0	70.0
29.0	63.0	90.0
26.0	47.0	76.0
24.0	53.0	83.0
22.0	49.0	68.0
31.0	67.0	101.0
24.0	64.0	100.0
49.0	128.0	158.0
35.0	98.0	113.0
27.0	83.0	108.0
34.0	96.0	117.0
26.0	46.0	81.0
29.0	75.0	111.0
21.0	47.0	70.0
25.0	63.0	99.0
31.0	84.0	154.0
24.0	47.0	79.0
40.0	124.0	152.0
33.0	70.0	97.0
26.0	62.0	96.0
27.0	63.0	97.0
31.0	79.0	102.0
23.0	63.0	98.0
28.0	62.0	90.0
20.0	42.0	66.0
25.0	59.0	84.0
40.0	96.0	129.0
24.0	44.0	69.0
27.0	60.0	77.0
26.0	51.0	73.0
30.0	73.0	107.0
31.0	73.0	111.0
64.0	154.0	180.0
28.0	69.0	101.0
21.0	54.0	87.0
27.0	71.0	98.0
27.0	73.0	97.0
21.0	53.0	76.0
29.0	77.0	113.0
26.0	62.0	88.0
27.0	57.0	81.0
40.0	85.0	108.0
37.0	96.0	126.0
24.0	57.0	92.0
29.0	66.0	92.0
25.0	47.0	71.0
25.0	73.0	109.0
39.0	123.0	151.0
23.0	47.0	75.0
23.0	43.0	67.0
31.0	80.0	112.0
26.0	44.0	66.0
29.0	64.0	96.0
30.0	73.0	107.0
28.0	71.0	106.0
25.0	40.0	73.0
30.0	66.0	98.0
28.0	74.0	108.0
33.0	94.0	122.0
27.0	73.0	109.0
25.0	55.0	83.0
33.0	65.0	86.0
27.0	73.0	107.0
73.0	166.0	184.0
82.0	150.0	159.0
28.0	68.0	94.0
24.0	48.0	74.0
29.0	85.0	118.0
25.0	45.0	69.0
28.0	67.0	98.0
64.0	114.0	123.0
48.0	112.0	137.0
22.0	47.0	77.0
25.0	58.0	93.0
26.0	60.0	95.0
22.0	49.0	76.0
23.0	68.0	99.0
31.0	74.0	108.0
25.0	55.0	81.0
27.0	54.0	71.0
23.0	50.0	77.0
32.0	62.0	86.0
68.0	174.0	196.0
72.0	109.0	118.0
62.0	91.0	89.0
40.0	78.0	81.0
28.0	76.0	112.0
25.0	56.0	76.0
27.0	52.0	72.0
23.0	47.0	71.0
23.0	49.0	74.0
22.0	44.0	67.0
31.0	102.0	134.0
21.0	45.0	71.0
37.0	100.0	135.0
25.0	69.0	96.0
49.0	79.0	89.0
32.0	73.0	103.0
66.0	171.0	193.0
62.0	89.0	119.0
25.0	65.0	100.0
21.0	56.0	78.0
32.0	77.0	116.0
33.0	70.0	99.0
27.0	66.0	95.0
24.0	67.0	99.0
21.0	46.0	66.0
74.0	94.0	92.0
39.0	87.0	110.0
27.0	92.0	124.0
22.0	43.0	70.0
27.0	57.0	83.0
23.0	49.0	72.0
29.0	83.0	107.0
60.0	164.0	189.0
25.0	75.0	112.0
25.0	51.0	78.0
27.0	76.0	108.0
50.0	90.0	115.0
37.0	82.0	113.0
20.0	40.0	67.0
31.0	77.0	110.0
27.0	62.0	90.0
29.0	65.0	91.0
62.0	142.0	141.0
48.0	100.0	96.0
23.0	53.0	81.0
27.0	77.0	112.0
28.0	78.0	113.0
23.0	52.0	84.0
23.0	52.0	84.0
23.0	51.0	75.0
77.0	139.0	162.0
25.0	84.0	150.0
25.0	55.0	81.0
41.0	111.0	147.0
22.0	56.0	83.0
23.0	38.0	71.0
53.0	124.0	146.0
27.0	68.0	98.0
31.0	77.0	113.0
31.0	72.0	102.0
40.0	96.0	129.0
35.0	76.0	106.0
29.0	66.0	93.0
26.0	50.0	74.0
24.0	58.0	85.0
31.0	75.0	112.0
32.0	81.0	148.0
25.0	54.0	86.0
26.0	58.0	83.0
33.0	86.0	120.0
29.0	78.0	111.0
22.0	50.0	72.0
25.0	64.0	95.0
24.0	67.0	99.0
29.0	73.0	102.0
78.0	88.0	79.0
23.0	47.0	71.0
30.0	74.0	109.0
26.0	75.0	108.0
90.0	102.0	92.0
20.0	51.0	79.0
32.0	81.0	114.0
27.0	62.0	92.0
25.0	55.0	81.0
26.0	69.0	101.0
24.0	68.0	103.0
28.0	76.0	112.0
30.0	74.0	111.0
94.0	107.0	90.0
24.0	64.0	99.0
39.0	99.0	127.0
24.0	46.0	70.0
23.0	56.0	89.0
51.0	83.0	94.0
25.0	68.0	103.0
20.0	50.0	78.0
52.0	150.0	179.0
42.0	115.0	147.0
28.0	64.0	98.0
26.0	52.0	79.0
25.0	61.0	93.0
22.0	38.0	71.0
43.0	104.0	125.0
25.0	48.0	82.0
31.0	68.0	94.0
24.0	55.0	86.0
53.0	91.0	94.0
35.0	66.0	97.0
46.0	108.0	107.0
26.0	67.0	99.0
27.0	54.0	81.0
31.0	73.0	111.0
29.0	93.0	121.0
26.0	65.0	98.0
51.0	102.0	129.0
41.0	106.0	124.0
26.0	59.0	92.0
32.0	88.0	105.0
27.0	60.0	93.0
26.0	53.0	74.0
26.0	66.0	102.0
32.0	79.0	109.0
27.0	63.0	97.0
32.0	78.0	114.0
25.0	69.0	106.0
26.0	58.0	83.0
25.0	50.0	81.0
26.0	52.0	77.0
28.0	62.0	97.0
29.0	62.0	95.0
38.0	84.0	107.0
38.0	87.0	119.0
39.0	80.0	110.0
40.0	106.0	141.0
18.0	50.0	65.0
33.0	58.0	63.0
30.0	65.0	97.0
27.0	63.0	99.0
24.0	64.0	99.0
24.0	52.0	76.0
52.0	141.0	171.0
30.0	62.0	85.0
57.0	117.0	141.0
23.0	49.0	74.0
61.0	160.0	179.0
25.0	64.0	95.0
29.0	47.0	69.0
32.0	71.0	102.0
25.0	52.0	79.0
23.0	49.0	74.0
30.0	78.0	98.0
62.0	98.0	98.0
42.0	92.0	117.0
26.0	52.0	79.0
25.0	74.0	104.0
26.0	57.0	85.0
20.0	60.0	86.0
36.0	76.0	102.0
55.0	108.0	122.0
25.0	71.0	97.0
32.0	70.0	93.0
30.0	65.0	97.0
22.0	53.0	82.0
30.0	84.0	120.0
24.0	63.0	96.0
26.0	64.0	100.0
29.0	59.0	93.0
28.0	66.0	102.0
90.0	102.0	90.0
53.0	105.0	127.0
36.0	77.0	105.0
57.0	146.0	176.0
31.0	91.0	117.0
30.0	75.0	108.0
35.0	85.0	110.0
21.0	51.0	85.0
22.0	46.0	70.0
31.0	76.0	107.0
30.0	71.0	91.0
24.0	60.0	84.0
100.0	112.0	102.0
37.0	84.0	110.0
32.0	84.0	123.0
27.0	63.0	89.0
31.0	78.0	108.0
36.0	111.0	130.0
27.0	64.0	93.0
22.0	56.0	91.0
25.0	47.0	71.0
26.0	52.0	75.0
101.0	124.0	116.0
19.0	43.0	69.0
49.0	85.0	111.0
30.0	57.0	86.0
27.0	61.0	96.0
26.0	51.0	81.0
24.0	44.0	68.0
43.0	115.0	111.0
94.0	108.0	93.0
84.0	129.0	134.0
23.0	53.0	81.0
36.0	100.0	138.0
25.0	60.0	90.0
23.0	53.0	79.0
24.0	60.0	84.0
33.0	71.0	94.0
24.0	63.0	94.0
26.0	54.0	75.0
23.0	55.0	80.0
29.0	88.0	120.0
21.0	42.0	69.0
25.0	52.0	82.0
29.0	78.0	118.0
33.0	68.0	98.0
24.0	54.0	82.0
58.0	145.0	164.0
31.0	76.0	105.0
32.0	61.0	91.0
57.0	104.0	130.0
59.0	169.0	194.0
27.0	65.0	88.0
27.0	76.0	109.0
31.0	62.0	83.0
39.0	88.0	118.0
30.0	76.0	109.0
21.0	53.0	74.0
36.0	103.0	129.0
33.0	92.0	126.0
26.0	69.0	103.0
20.0	44.0	70.0
26.0	44.0	68.0
40.0	102.0	139.0
27.0	58.0	89.0
23.0	68.0	97.0
28.0	66.0	87.0
24.0	44.0	71.0
26.0	54.0	78.0
48.0	131.0	165.0
103.0	116.0	109.0
32.0	91.0	125.0
24.0	54.0	82.0
18.0	44.0	69.0
26.0	75.0	89.0
29.0	77.0	113.0
24.0	50.0	73.0
27.0	73.0	107.0
67.0	140.0	155.0
23.0	43.0	68.0
31.0	70.0	99.0
73.0	173.0	196.0
26.0	66.0	101.0
22.0	49.0	76.0
20.0	50.0	78.0
27.0	57.0	91.0
36.0	100.0	136.0
30.0	66.0	98.0
54.0	107.0	115.0
29.0	79.0	116.0
28.0	54.0	87.0
27.0	66.0	97.0
26.0	56.0	82.0
29.0	67.0	103.0
32.0	71.0	104.0
25.0	45.0	70.0
39.0	89.0	124.0
28.0	71.0	106.0
38.0	83.0	102.0
38.0	112.0	149.0
22.0	46.0	72.0
33.0	79.0	112.0
20.0	44.0	70.0
30.0	82.0	121.0
24.0	55.0	76.0
28.0	67.0	98.0
28.0	54.0	79.0
26.0	67.0	95.0
24.0	63.0	94.0
29.0	60.0	88.0
26.0	63.0	92.0
25.0	59.0	94.0
27.0	71.0	106.0
23.0	45.0	68.0
61.0	100.0	117.0
43.0	89.0	102.0
47.0	130.0	162.0
22.0	46.0	70.0
24.0	65.0	97.0
28.0	63.0	95.0
41.0	60.0	64.0
32.0	73.0	105.0
26.0	47.0	78.0
25.0	45.0	69.0
33.0	81.0	119.0
24.0	45.0	66.0
28.0	68.0	103.0
21.0	47.0	72.0
23.0	40.0	68.0
22.0	50.0	72.0
24.0	68.0	97.0
27.0	55.0	69.0
26.0	41.0	72.0
38.0	108.0	144.0
23.0	46.0	80.0
27.0	59.0	82.0
24.0	60.0	96.0
30.0	76.0	112.0
39.0	83.0	86.0
27.0	67.0	93.0
23.0	53.0	79.0
24.0	60.0	94.0
25.0	64.0	95.0
25.0	63.0	99.0
22.0	58.0	90.0
46.0	88.0	100.0
27.0	68.0	100.0
26.0	46.0	70.0
28.0	59.0	87.0
34.0	113.0	143.0
28.0	85.0	115.0
24.0	48.0	72.0
31.0	96.0	116.0
23.0	53.0	79.0
20.0	47.0	76.0
25.0	52.0	82.0
29.0	73.0	100.0
27.0	47.0	80.0
33.0	97.0	124.0
50.0	96.0	120.0
36.0	110.0	145.0
66.0	171.0	192.0
41.0	85.0	114.0
25.0	50.0	70.0
58.0	118.0	126.0
48.0	86.0	95.0
36.0	85.0	117.0
24.0	48.0	76.0
78.0	88.0	79.0
67.0	158.0	179.0
26.0	76.0	113.0
35.0	97.0	96.0
29.0	70.0	100.0
28.0	64.0	98.0
25.0	41.0	74.0
26.0	69.0	103.0
35.0	103.0	140.0
30.0	61.0	92.0
21.0	47.0	74.0
24.0	50.0	75.0
24.0	59.0	87.0
24.0	67.0	99.0
33.0	60.0	71.0
31.0	72.0	104.0
22.0	46.0	72.0
28.0	63.0	93.0
25.0	61.0	95.0
24.0	52.0	76.0
28.0	64.0	96.0
22.0	44.0	67.0
32.0	73.0	105.0
33.0	89.0	126.0
30.0	101.0	119.0
36.0	60.0	88.0
29.0	72.0	106.0
28.0	55.0	84.0
28.0	55.0	82.0
28.0	74.0	107.0
23.0	52.0	84.0
36.0	72.0	96.0
28.0	63.0	101.0
41.0	117.0	151.0
25.0	55.0	81.0
52.0	117.0	139.0
28.0	67.0	100.0
22.0	44.0	67.0
21.0	47.0	72.0
40.0	110.0	144.0
32.0	65.0	84.0
22.0	48.0	75.0
34.0	98.0	134.0
22.0	56.0	81.0
23.0	43.0	68.0
25.0	57.0	80.0
37.0	82.0	113.0
28.0	72.0	109.0
57.0	156.0	185.0
23.0	46.0	77.0
17.0	41.0	67.0
30.0	74.0	109.0
22.0	53.0	81.0
29.0	70.0	98.0
26.0	61.0	89.0
27.0	68.0	100.0
33.0	98.0	126.0
29.0	91.0	116.0
35.0	80.0	109.0
78.0	88.0	77.0
75.0	97.0	85.0
28.0	50.0	73.0
31.0	94.0	127.0
29.0	78.0	111.0
32.0	78.0	101.0
26.0	54.0	78.0
28.0	94.0	116.0
26.0	47.0	74.0
32.0	80.0	116.0
29.0	67.0	103.0
79.0	111.0	106.0
32.0	77.0	108.0
27.0	70.0	102.0
32.0	75.0	109.0
32.0	92.0	128.0
27.0	67.0	103.0
27.0	54.0	81.0
27.0	58.0	79.0
39.0	78.0	107.0
28.0	62.0	87.0
33.0	88.0	127.0
23.0	40.0	68.0
32.0	71.0	104.0
28.0	69.0	101.0
26.0	63.0	89.0
40.0	102.0	123.0
44.0	91.0	119.0
27.0	55.0	77.0
28.0	61.0	92.0
28.0	63.0	95.0
40.0	106.0	105.0
33.0	84.0	113.0
44.0	126.0	164.0
25.0	64.0	97.0
35.0	99.0	135.0
91.0	102.0	88.0
23.0	57.0	84.0
39.0	118.0	149.0
37.0	79.0	104.0
23.0	55.0	78.0
21.0	45.0	71.0
37.0	84.0	112.0
27.0	47.0	72.0
28.0	63.0	95.0
20.0	46.0	79.0
20.0	55.0	87.0
28.0	55.0	84.0
48.0	86.0	99.0
38.0	106.0	145.0
31.0	66.0	98.0
26.0	59.0	92.0
24.0	50.0	73.0
23.0	44.0	73.0
30.0	63.0	82.0
24.0	59.0	91.0
27.0	68.0	100.0
83.0	127.0	138.0
22.0	44.0	68.0
32.0	85.0	125.0
30.0	56.0	89.0
30.0	65.0	97.0
25.0	56.0	85.0
28.0	44.0	78.0
40.0	108.0	145.0
25.0	60.0	82.0
26.0	59.0	90.0
28.0	72.0	107.0
37.0	76.0	73.0
19.0	44.0	74.0
28.0	58.0	84.0
25.0	59.0	84.0
27.0	75.0	111.0
30.0	61.0	92.0
30.0	89.0	121.0
40.0	110.0	146.0
47.0	100.0	131.0
24.0	50.0	77.0
24.0	52.0	76.0
21.0	43.0	67.0
52.0	87.0	107.0
29.0	69.0	95.0
46.0	97.0	128.0
4.0	46.0	71.0
28.0	66.0	102.0
24.0	51.0	78.0
30.0	73.0	107.0
24.0	50.0	75.0
30.0	60.0	96.0
24.0	60.0	94.0
29.0	88.0	122.0
30.0	75.0	108.0
26.0	57.0	86.0
36.0	77.0	109.0
28.0	77.0	110.0
27.0	53.0	78.0
44.0	119.0	138.0
27.0	75.0	111.0
25.0	61.0	87.0
25.0	47.0	68.0
27.0	60.0	91.0
58.0	73.0	76.0
29.0	63.0	100.0
28.0	69.0	101.0
31.0	91.0	115.0
29.0	61.0	86.0
30.0	80.0	153.0
23.0	66.0	101.0
23.0	53.0	77.0
57.0	163.0	187.0
30.0	65.0	93.0
59.0	159.0	183.0
34.0	79.0	110.0
27.0	71.0	106.0
23.0	47.0	71.0
71.0	110.0	115.0
33.0	74.0	104.0
48.0	134.0	167.0
25.0	55.0	89.0
31.0	66.0	98.0
34.0	81.0	111.0
31.0	91.0	128.0
26.0	65.0	96.0
61.0	129.0	150.0
22.0	52.0	78.0
24.0	52.0	74.0
24.0	50.0	67.0
34.0	73.0	88.0
28.0	69.0	101.0
24.0	50.0	67.0
32.0	68.0	100.0
37.0	81.0	110.0
33.0	58.0	65.0
26.0	64.0	100.0
62.0	125.0	143.0
20.0	42.0	66.0
33.0	99.0	125.0
31.0	69.0	105.0
24.0	51.0	78.0
28.0	74.0	108.0
32.0	107.0	138.0
29.0	82.0	152.0
24.0	64.0	99.0
26.0	56.0	82.0
33.0	64.0	93.0
31.0	81.0	118.0
25.0	51.0	78.0
38.0	90.0	114.0
32.0	55.0	89.0
21.0	52.0	80.0
43.0	85.0	110.0
40.0	113.0	148.0
24.0	51.0	78.0
26.0	70.0	105.0
24.0	54.0	78.0
25.0	61.0	87.0
37.0	89.0	111.0
110.0	136.0	133.0
46.0	132.0	167.0
24.0	55.0	84.0
26.0	62.0	88.0
39.0	103.0	141.0
32.0	87.0	126.0
27.0	54.0	83.0
94.0	105.0	99.0
41.0	117.0	153.0
55.0	130.0	159.0
23.0	56.0	89.0
45.0	109.0	145.0
53.0	115.0	114.0
37.0	71.0	98.0
21.0	45.0	71.0
30.0	74.0	103.0
50.0	87.0	113.0
21.0	45.0	69.0
26.0	60.0	87.0
24.0	60.0	76.0
36.0	103.0	132.0
52.0	115.0	124.0
21.0	51.0	75.0
27.0	78.0	107.0
32.0	68.0	102.0
49.0	114.0	132.0
43.0	100.0	127.0
70.0	135.0	141.0
25.0	64.0	95.0
23.0	59.0	93.0
29.0	82.0	152.0
28.0	67.0	98.0
26.0	62.0	94.0
42.0	116.0	143.0
92.0	122.0	124.0
25.0	59.0	86.0
37.0	114.0	144.0
24.0	44.0	69.0
23.0	59.0	91.0
28.0	73.0	102.0
24.0	59.0	91.0
37.0	106.0	135.0
32.0	76.0	103.0
24.0	72.0	108.0
29.0	69.0	105.0
35.0	69.0	96.0
24.0	55.0	83.0
22.0	52.0	80.0
28.0	69.0	99.0
24.0	56.0	81.0
23.0	44.0	75.0
26.0	53.0	82.0
24.0	51.0	70.0
22.0	43.0	70.0
25.0	47.0	71.0
28.0	64.0	86.0
28.0	81.0	147.0
26.0	63.0	89.0
32.0	76.0	111.0
23.0	60.0	89.0
43.0	99.0	126.0
24.0	55.0	83.0
29.0	55.0	78.0
23.0	58.0	88.0
27.0	53.0	80.0
22.0	58.0	92.0
41.0	87.0	113.0
24.0	48.0	72.0
26.0	64.0	100.0
32.0	56.0	66.0
52.0	94.0	118.0
46.0	107.0	128.0
22.0	58.0	72.0
27.0	57.0	83.0
57.0	171.0	205.0
27.0	58.0	87.0
48.0	82.0	83.0
33.0	62.0	92.0
25.0	43.0	67.0
24.0	50.0	77.0
22.0	48.0	71.0
29.0	55.0	80.0
29.0	65.0	97.0
22.0	52.0	76.0
30.0	59.0	75.0
23.0	54.0	83.0
39.0	119.0	146.0
22.0	54.0	79.0
26.0	58.0	83.0
25.0	52.0	71.0
35.0	110.0	139.0
24.0	52.0	76.0
67.0	86.0	82.0
34.0	73.0	102.0
29.0	64.0	96.0
24.0	45.0	66.0
43.0	109.0	144.0
25.0	63.0	99.0
23.0	56.0	87.0
38.0	118.0	145.0
59.0	154.0	182.0
33.0	61.0	83.0
51.0	112.0	131.0
46.0	85.0	102.0
29.0	74.0	107.0
24.0	63.0	96.0
45.0	129.0	163.0
26.0	73.0	103.0
22.0	47.0	69.0
23.0	66.0	98.0
23.0	45.0	69.0
22.0	48.0	73.0
24.0	64.0	99.0
25.0	62.0	89.0
25.0	60.0	88.0
43.0	84.0	114.0
38.0	103.0	141.0
22.0	43.0	70.0
27.0	66.0	97.0
38.0	98.0	122.0
31.0	92.0	120.0
47.0	84.0	90.0
24.0	60.0	96.0
43.0	99.0	114.0
44.0	131.0	161.0
23.0	54.0	83.0
28.0	63.0	85.0
31.0	70.0	103.0
26.0	47.0	78.0
28.0	90.0	113.0
40.0	78.0	97.0
23.0	45.0	66.0
29.0	64.0	94.0
33.0	71.0	94.0
34.0	106.0	128.0
22.0	55.0	86.0
34.0	98.0	134.0
27.0	70.0	102.0
30.0	66.0	100.0
24.0	57.0	88.0
26.0	66.0	101.0
24.0	46.0	69.0
31.0	79.0	115.0
26.0	71.0	104.0
38.0	67.0	62.0
31.0	57.0	74.0
64.0	167.0	186.0
24.0	65.0	93.0
26.0	57.0	85.0
23.0	50.0	80.0
65.0	162.0	179.0
24.0	63.0	96.0
33.0	88.0	127.0
33.0	52.0	67.0
30.0	76.0	112.0
28.0	62.0	99.0
50.0	139.0	173.0
33.0	62.0	94.0
26.0	66.0	101.0
32.0	72.0	107.0
32.0	65.0	82.0
22.0	47.0	67.0
24.0	41.0	67.0
22.0	48.0	75.0
31.0	71.0	106.0
34.0	78.0	105.0
26.0	56.0	84.0
25.0	53.0	77.0
25.0	52.0	71.0
73.0	84.0	78.0
36.0	90.0	118.0
30.0	70.0	105.0
41.0	124.0	158.0
55.0	144.0	178.0
28.0	63.0	95.0
28.0	69.0	101.0
47.0	75.0	87.0
25.0	70.0	99.0
29.0	110.0	140.0
75.0	119.0	120.0
26.0	75.0	107.0
21.0	58.0	85.0
44.0	120.0	156.0
29.0	65.0	99.0
26.0	53.0	74.0
56.0	118.0	143.0
26.0	64.0	100.0
32.0	81.0	121.0
24.0	45.0	76.0
52.0	153.0	181.0
35.0	112.0	142.0
28.0	65.0	94.0
36.0	88.0	146.0
27.0	62.0	92.0
23.0	48.0	68.0
25.0	53.0	77.0
34.0	80.0	113.0
25.0	64.0	97.0
27.0	66.0	97.0
33.0	54.0	81.0
25.0	64.0	97.0
29.0	75.0	108.0
53.0	91.0	94.0
24.0	53.0	85.0
47.0	85.0	96.0
24.0	60.0	82.0
24.0	51.0	72.0
25.0	46.0	77.0
24.0	49.0	79.0
27.0	72.0	103.0
22.0	57.0	89.0
24.0	51.0	78.0
26.0	59.0	90.0
28.0	66.0	89.0
25.0	63.0	86.0
32.0	77.0	110.0
34.0	71.0	87.0
40.0	74.0	76.0
28.0	63.0	95.0
23.0	45.0	69.0
24.0	45.0	72.0
30.0	75.0	108.0
32.0	84.0	121.0
27.0	51.0	79.0
29.0	64.0	94.0
25.0	54.0	88.0
28.0	61.0	96.0
26.0	53.0	82.0
61.0	169.0	195.0
28.0	71.0	105.0
43.0	98.0	118.0
38.0	86.0	108.0
31.0	64.0	95.0
21.0	58.0	87.0
29.0	65.0	97.0
21.0	51.0	77.0
29.0	59.0	85.0
22.0	58.0	90.0
34.0	98.0	123.0
28.0	54.0	81.0
23.0	51.0	75.0
29.0	79.0	114.0
25.0	75.0	108.0
25.0	45.0	70.0
31.0	52.0	83.0
25.0	56.0	84.0
23.0	54.0	82.0
28.0	70.0	95.0
38.0	66.0	90.0
46.0	80.0	92.0
39.0	120.0	150.0
33.0	76.0	110.0
29.0	60.0	88.0
31.0	89.0	111.0
43.0	69.0	68.0
